"timestamp","level","logger","account_id","user_query","generated_sql","status","rows","response","parse_error","raw_entry"
"2026-07-17 11:40:07,736","INFO","chatbot_sql","54087","How many  total packages are there?","SELECT COUNT(*) AS package_count FROM track_packages WHERE account_id = 54087 LIMIT 100","ok:qwen","1","Notifii chatbot: No matching organizational data was found.","",""
"2026-07-17 11:40:57,616","INFO","chatbot_sql","54087","total count of the packages ?","SELECT COUNT(*) AS package_count
FROM track_packages
WHERE account_id = 54087;","ok:qwen","1","Notifii chatbot: [ {'package_count': 10 }]","",""
"2026-07-17 11:43:16,149","INFO","chatbot_sql","54087","what is this account number","SELECT * FROM track_packages WHERE account_id = 54087 LIMIT 100","ok:qwen","10","Notifii chatbot: I found 10 matching record(s). Here is a quick preview from the latest record: package_id=34369470, account_id=54087, tracking_number=420118039410811699000950272027, shipping_carrier=US Postal Service.","",""
"2026-07-17 11:44:26,743","INFO","chatbot_sql","54087","what is the account id?","SELECT account_id FROM track_packages WHERE account_id = 54087 LIMIT 100","ok:qwen","10","Notifii chatbot: The account id found in the database is 54087. There are multiple records with this account id, indicating it has been used for various operations or packages tracked.","",""
"2026-07-17 11:50:44,245","INFO","chatbot_sql","54087","what is the account id?","SELECT * FROM track_packages WHERE account_id = 54087 LIMIT 100","ok:qwen","10","I found 10 matching record(s). Here is a quick preview from the latest record: package_id=34369470, account_id=54087, tracking_number=420118039410811699000950272027, shipping_carrier=US Postal Service.","",""
"2026-07-17 12:00:29,468","INFO","chatbot_sql","54087","gyxkhgv","","out_of_scope","0","This question is out of the box i cannot respond to this question","",""
"2026-07-17 12:00:40,647","INFO","chatbot_sql","54087","hi","","out_of_scope","0","This question is out of the box i cannot respond to this question","",""
"2026-07-17 12:01:24,290","INFO","chatbot_sql","54087","how many packages are loggedin?","SELECT COUNT(*) AS package_count
FROM track_packages
WHERE account_id = 54087;","ok:qwen:explicit","1","The total matching records are 1.","",""
"2026-07-17 12:02:12,785","INFO","chatbot_sql","54087","how many packages are loggedin today?","SELECT COUNT(*) AS package_count
FROM track_packages
WHERE account_id = 54087 AND DATE(date_received) = CURDATE();","ok:qwen:explicit","1","The total matching records are 1.","",""
"2026-07-17 12:13:50,260","INFO","chatbot_sql","54087","hi","","greeting","0","Hello! I can help you with your account-specific package data. Please ask your data question.","",""
"2026-07-17 12:14:05,617","INFO","chatbot_sql","54087","god morning","","out_of_scope","0","I cannot respond because you do not have sufficient data.","",""
"2026-07-17 12:17:23,313","INFO","chatbot_sql","54087","god morning","","greeting","0","Hello! I can help you with your account-specific package data. Please ask your data question.","",""
"2026-07-17 12:18:24,591","INFO","chatbot_sql","54087","good eveng","","greeting","0","Hello! I can help you with your account-specific package data. Please ask your data question.","",""
"2026-07-17 12:21:42,373","INFO","chatbot_sql","54087","hi","","greeting","0","Hello! Glad to meet you. I'm here to assist with any questions about your account package data. How can I help you today?","",""
"2026-07-17 12:21:57,062","INFO","chatbot_sql","54087","good night","","out_of_scope","0","I cannot respond because you do not have sufficient data.","",""
"2026-07-17 12:22:15,420","INFO","chatbot_sql","54087","good morning","","greeting","0","Good morning! How can I assist you today with your account package data?","",""
"2026-07-17 12:22:35,682","INFO","chatbot_sql","54087","good night","","out_of_scope","0","I cannot respond because you do not have sufficient data.","",""
"2026-07-17 12:29:37,408","INFO","chatbot_sql","54087","yfcv","","out_of_scope","0","I seem to have misunderstood your request. Could you please provide more details so I can assist better? Or are you looking for information on a different aspect of our account packages?","",""
"2026-07-17 12:30:13,828","INFO","chatbot_sql","54087","how many packages are logged in today","SESSION_DATA_ONLY account_id=54087 table=track_packages","ok:session_data:explicit","10","The total matching records are 10.","",""
"2026-07-17 12:31:12,764","INFO","chatbot_sql","54087","today loggedin packages","SESSION_DATA_ONLY account_id=54087 table=track_packages","ok:session_data","10","I found 10 matching record(s). Here is a quick preview from the latest record: package_id=34369470, account_id=54087, tracking_number=420118039410811699000950272027, shipping_carrier=US Postal Service.","",""
"2026-07-17 13:27:08,970","INFO","chatbot_sql","54087","how many packages are deliverd through usps?","SESSION_DATA_ONLY account_id=54087 table=track_packages","ok:session_data:explicit","10","The total matching records are 10.","",""
"2026-07-17 13:27:26,770","INFO","chatbot_sql","54087","how many packages are deliverd through amazon?","SESSION_DATA_ONLY account_id=54087 table=track_packages","ok:session_data:explicit","10","The total matching records are 10.","",""
"2026-07-17 13:37:01,589","INFO","chatbot_sql","54087","how many packages are deliverd through amazon?","SESSION_DATA_ONLY account_id=54087 table=track_packages","ok:session_data:explicit","10","The total matching records are 10.","",""
"2026-07-17 13:40:31,069","INFO","chatbot_sql","54087","how many packages are deliverd through amazon?","SELECT COUNT(*) AS package_count
FROM track_packages
WHERE shipping_carrier LIKE 'Amazon%' AND account_id = 54087;","insufficient_data","0","I cannot respond because you do not have sufficient data.","",""
"2026-07-17 13:41:10,376","INFO","chatbot_sql","54087","how many packages are deliverd through usps?","SELECT COUNT(*) AS num_packages FROM track_packages WHERE shipping_carrier = 'USPS' AND account_id = 54087LIMIT 100","insufficient_data","0","I cannot respond because you do not have sufficient data.","",""
"2026-07-17 13:42:10,628","INFO","chatbot_sql","54087","how many packages are deliverd through US portal service?","SELECT COUNT(*) AS package_count
FROM track_packages
WHERE account_id = 54087 AND shipping_carrier LIKE 'US%'","insufficient_data","0","I cannot respond because you do not have sufficient data.","",""
"2026-07-17 13:44:59,698","INFO","chatbot_sql","54087","how many packages are deliverd on shipping carrier through amazon?","SELECT COUNT(*) AS package_count
FROM track_packages
WHERE account_id = 54087 AND shipping_carrier LIKE 'Amazon%'","insufficient_data","0","I cannot respond because you do not have sufficient data.","",""
"2026-07-17 13:46:43,437","INFO","chatbot_sql","54087","how many packages are loggein","SELECT COUNT(*) AS package_count
FROM track_packages
WHERE account_id = 54087;","ok:session_data:explicit","10","The total matching records are 10.","",""
"2026-07-17 13:46:58,317","INFO","chatbot_sql","54087","what are they?","","out_of_scope","0","I can help with account package data. Could you please specify which details you need information on?","",""
"2026-07-17 13:48:10,215","INFO","chatbot_sql","54087","all the package details","SELECT * FROM track_packages WHERE account_id = 54087 LIMIT 100;","ok:session_data_llm","10","I found 10 matching record(s). Here is a quick preview from the latest record: package_id=34369470, account_id=54087, tracking_number=420118039410811699000950272027, shipping_carrier=US Postal Service.","",""
"2026-07-17 13:53:02,107","INFO","chatbot_sql","54087","how many packages are deliverd on shipping carrier through amazon?","SELECT COUNT(*) AS package_count FROM track_packages WHERE account_id = 54087 AND shipping_carrier LIKE 'Amazon%'","insufficient_data","0","I cannot respond because you do not have sufficient data.","",""
"2026-07-17 14:00:05,325","INFO","chatbot_sql","54087","how many packages are deliverd on shipping carrier through US Portal services?","SELECT COUNT(*) AS package_count FROM track_packages WHERE account_id = 54087 AND shipping_carrier LIKE 'US Portal%' AND date_received IS NOT NULL LIMIT 100;","ok:session_data_llm","10","I found 10 matching record(s). Here is a quick preview from the latest record: package_id=34369470, account_id=54087, tracking_number=420118039410811699000950272027, shipping_carrier=US Postal Service.","",""
"2026-07-17 14:00:42,277","INFO","chatbot_sql","54087","can you tell me what are they?","","out_of_scope","0","I'm sorry, but I don't have the information you're looking for regarding your request.","",""
"2026-07-17 14:03:27,327","INFO","chatbot_sql","54087","how many packages are deliverd on shipping carrier through US Portal services?","SELECT COUNT(*) AS package_count FROM track_packages WHERE account_id = 54087 AND shipping_carrier LIKE 'US%'","ok:session_data_llm","10","I found 10 matching record(s). Here is a quick preview from the latest record: package_id=34369470, account_id=54087, tracking_number=420118039410811699000950272027, shipping_carrier=US Postal Service.","",""
"2026-07-17 14:03:48,459","INFO","chatbot_sql","54087","what are they?","","out_of_scope","0","I can help with account package data, but please provide more details on what you're asking about.","",""
"2026-07-17 14:06:50,816","INFO","chatbot_sql","54087","how many packages are deliverd on shipping carrier through US Portal services?","SELECT COUNT(*) AS package_count FROM track_packages WHERE account_id = 54087 AND shipping_carrier LIKE 'US%'","ok:session_data_llm","10","5","",""
"2026-07-17 14:06:58,654","INFO","chatbot_sql","54087","what are they?","FOLLOWUP_FROM_CONTEXT","ok:followup_records","10","I found 10 matching record(s). Here are the records:
[
  {
    ""package_id"": 34369470,
    ""account_id"": 54087,
    ""tracking_number"": ""420118039410811699000950272027"",
    ""shipping_carrier"": ""US Postal Service"",
    ""recipient_id"": 4856423,
    ""mailroom_id"": 151916,
    ""group_id"": null,
    ""compartment_id"": null,
    ""login_module"": ""track"",
    ""recipient_name"": ""Judy Kechejian"",
    ""recipient_address1"": ""227"",
    ""date_received"": ""2026-04-28 23:02:39"",
    ""date_received_yyyymm"": 202604,
    ""date_expires"": null,
    ""date_pickedup"": ""0000-00-00 00:00:00"",
    ""handling"": """",
    ""shelf"": """",
    ""sender"": """",
    ""service_type"": """",
    ""package_condition"": """",
    ""package_type"": """",
    ""custom_message"": """",
    ""weight"": """",
    ""dimensions"": null,
    ""po_number"": """",
    ""tag_number"": null,
    ""esignature_url"": null,
    ""login_carrier_id"": null,
    ""login_user_id"": 22762,
    ""logout_code_id"": 10000,
    ""logout_user_id"": null,
    ""logout_recipient_id"": null,
    ""staff_note"": """",
    ""change_history"": null,
    ""shorturl_login"": null,
    ""shorturl_logout"": null,
    ""ocr_triggered"": 1,
    ""package_sequence"": ""1 of 1"",
    ""locker_pin_code"": null
  },
  {
    ""package_id"": 34369471,
    ""account_id"": 54087,
    ""tracking_number"": ""420118039410811699000950272027"",
    ""shipping_carrier"": ""US Postal Service"",
    ""recipient_id"": 4856423,
    ""mailroom_id"": 151916,
    ""group_id"": null,
    ""compartment_id"": null,
    ""login_module"": ""track"",
    ""recipient_name"": ""Judy Kechejian"",
    ""recipient_address1"": ""227"",
    ""date_received"": ""2026-04-28 23:07:25"",
    ""date_received_yyyymm"": 202604,
    ""date_expires"": null,
    ""date_pickedup"": ""0000-00-00 00:00:00"",
    ""handling"": """",
    ""shelf"": """",
    ""sender"": """",
    ""service_type"": """",
    ""package_condition"": """",
    ""package_type"": """",
    ""custom_message"": """",
    ""weight"": """",
    ""dimensions"": null,
    ""po_number"": """",
    ""tag_number"": null,
    ""esignature_url"": null,
    ""login_carrier_id"": null,
    ""login_user_id"": 22762,
    ""logout_code_id"": 10000,
    ""logout_user_id"": null,
    ""logout_recipient_id"": null,
    ""staff_note"": """",
    ""change_history"": null,
    ""shorturl_login"": null,
    ""shorturl_logout"": null,
    ""ocr_triggered"": 1,
    ""package_sequence"": ""1 of 1"",
    ""locker_pin_code"": null
  },
  {
    ""package_id"": 34369472,
    ""account_id"": 54087,
    ""tracking_number"": ""420118039410811699000950272027"",
    ""shipping_carrier"": ""US Postal Service"",
    ""recipient_id"": 4856423,
    ""mailroom_id"": 151916,
    ""group_id"": null,
    ""compartment_id"": null,
    ""login_module"": ""track"",
    ""recipient_name"": ""Judy Kechejian"",
    ""recipient_address1"": ""227"",
    ""date_received"": ""2026-04-28 23:25:30"",
    ""date_received_yyyymm"": 202604,
    ""date_expires"": null,
    ""date_pickedup"": ""0000-00-00 00:00:00"",
    ""handling"": """",
    ""shelf"": """",
    ""sender"": """",
    ""service_type"": """",
    ""package_condition"": """",
    ""package_type"": """",
    ""custom_message"": """",
    ""weight"": """",
    ""dimensions"": null,
    ""po_number"": """",
    ""tag_number"": null,
    ""esignature_url"": null,
    ""login_carrier_id"": null,
    ""login_user_id"": 22762,
    ""logout_code_id"": 10000,
    ""logout_user_id"": null,
    ""logout_recipient_id"": null,
    ""staff_note"": """",
    ""change_history"": null,
    ""shorturl_login"": null,
    ""shorturl_logout"": null,
    ""ocr_triggered"": 1,
    ""package_sequence"": ""1 of 1"",
    ""locker_pin_code"": null
  },
  {
    ""package_id"": 34369473,
    ""account_id"": 54087,
    ""tracking_number"": ""420118039410811699000950272027"",
    ""shipping_carrier"": ""US Postal Service"",
    ""recipient_id"": 4856423,
    ""mailroom_id"": 151916,
    ""group_id"": null,
    ""compartment_id"": null,
    ""login_module"": ""track"",
    ""recipient_name"": ""Judy Kechejian"",
    ""recipient_address1"": ""227"",
    ""date_received"": ""2026-04-28 23:45:25"",
    ""date_received_yyyymm"": 202604,
    ""date_expires"": null,
    ""date_pickedup"": ""0000-00-00 00:00:00"",
    ""handling"": """",
    ""shelf"": """",
    ""sender"": """",
    ""service_type"": """",
    ""package_condition"": """",
    ""package_type"": """",
    ""custom_message"": """",
    ""weight"": """",
    ""dimensions"": null,
    ""po_number"": """",
    ""tag_number"": null,
    ""esignature_url"": null,
    ""login_carrier_id"": null,
    ""login_user_id"": 22762,
    ""logout_code_id"": 10000,
    ""logout_user_id"": null,
    ""logout_recipient_id"": null,
    ""staff_note"": """",
    ""change_history"": null,
    ""shorturl_login"": null,
    ""shorturl_logout"": null,
    ""ocr_triggered"": 1,
    ""package_sequence"": ""1 of 1"",
    ""locker_pin_code"": null
  },
  {
    ""package_id"": 34369474,
    ""account_id"": 54087,
    ""tracking_number"": ""420118039410811699000950272027"",
    ""shipping_carrier"": ""US Postal Service"",
    ""recipient_id"": 4856423,
    ""mailroom_id"": 151916,
    ""group_id"": null,
    ""compartment_id"": null,
    ""login_module"": ""track"",
    ""recipient_name"": ""Judy Kechejian"",
    ""recipient_address1"": ""227"",
    ""date_received"": ""2026-04-28 23:53:03"",
    ""date_received_yyyymm"": 202604,
    ""date_expires"": null,
    ""date_pickedup"": ""0000-00-00 00:00:00"",
    ""handling"": """",
    ""shelf"": """",
    ""sender"": """",
    ""service_type"": """",
    ""package_condition"": """",
    ""package_type"": """",
    ""custom_message"": """",
    ""weight"": """",
    ""dimensions"": null,
    ""po_number"": """",
    ""tag_number"": null,
    ""esignature_url"": null,
    ""login_carrier_id"": null,
    ""login_user_id"": 22762,
    ""logout_code_id"": 10000,
    ""logout_user_id"": null,
    ""logout_recipient_id"": null,
    ""staff_note"": """",
    ""change_history"": null,
    ""shorturl_login"": null,
    ""shorturl_logout"": null,
    ""ocr_triggered"": 1,
    ""package_sequence"": ""1 of 1"",
    ""locker_pin_code"": null
  },
  {
    ""package_id"": 34369475,
    ""account_id"": 54087,
    ""tracking_number"": ""420118039410811699000950272027"",
    ""shipping_carrier"": ""US Postal Service"",
    ""recipient_id"": 4856423,
    ""mailroom_id"": 151916,
    ""group_id"": null,
    ""compartment_id"": null,
    ""login_module"": ""track"",
    ""recipient_name"": ""Judy Kechejian"",
    ""recipient_address1"": ""227"",
    ""date_received"": ""2026-04-29 01:45:29"",
    ""date_received_yyyymm"": 202604,
    ""date_expires"": null,
    ""date_pickedup"": ""0000-00-00 00:00:00"",
    ""handling"": """",
    ""shelf"": """",
    ""sender"": """",
    ""service_type"": """",
    ""package_condition"": """",
    ""package_type"": """",
    ""custom_message"": """",
    ""weight"": """",
    ""dimensions"": null,
    ""po_number"": """",
    ""tag_number"": null,
    ""esignature_url"": null,
    ""login_carrier_id"": null,
    ""login_user_id"": 22762,
    ""logout_code_id"": 10000,
    ""logout_user_id"": null,
    ""logout_recipient_id"": null,
    ""staff_note"": """",
    ""change_history"": null,
    ""shorturl_login"": null,
    ""shorturl_logout"": null,
    ""ocr_triggered"": 1,
    ""package_sequence"": ""1 of 1"",
    ""locker_pin_code"": null
  },
  {
    ""package_id"": 34369476,
    ""account_id"": 54087,
    ""tracking_number"": ""420118039410811699000950272027"",
    ""shipping_carrier"": ""US Postal Service"",
    ""recipient_id"": 4856423,
    ""mailroom_id"": 151916,
    ""group_id"": null,
    ""compartment_id"": null,
    ""login_module"": ""track"",
    ""recipient_name"": ""Judy Kechejian"",
    ""recipient_address1"": ""227"",
    ""date_received"": ""2026-04-29 02:00:33"",
    ""date_received_yyyymm"": 202604,
    ""date_expires"": null,
    ""date_pickedup"": ""0000-00-00 00:00:00"",
    ""handling"": """",
    ""shelf"": """",
    ""sender"": """",
    ""service_type"": """",
    ""package_condition"": """",
    ""package_type"": """",
    ""custom_message"": """",
    ""weight"": """",
    ""dimensions"": null,
    ""po_number"": """",
    ""tag_number"": null,
    ""esignature_url"": null,
    ""login_carrier_id"": null,
    ""login_user_id"": 22762,
    ""logout_code_id"": 10000,
    ""logout_user_id"": null,
    ""logout_recipient_id"": null,
    ""staff_note"": """",
    ""change_history"": null,
    ""shorturl_login"": null,
    ""shorturl_logout"": null,
    ""ocr_triggered"": 1,
    ""package_sequence"": ""1 of 1"",
    ""locker_pin_code"": null
  },
  {
    ""package_id"": 34369477,
    ""account_id"": 54087,
    ""tracking_number"": ""420118039410811699000950272027"",
    ""shipping_carrier"": ""US Postal Service"",
    ""recipient_id"": 4856423,
    ""mailroom_id"": 151916,
    ""group_id"": null,
    ""compartment_id"": null,
    ""login_module"": ""track"",
    ""recipient_name"": ""Judy Kechejian"",
    ""recipient_address1"": ""227"",
    ""date_received"": ""2026-04-29 02:05:35"",
    ""date_received_yyyymm"": 202604,
    ""date_expires"": null,
    ""date_pickedup"": ""0000-00-00 00:00:00"",
    ""handling"": """",
    ""shelf"": """",
    ""sender"": """",
    ""service_type"": """",
    ""package_condition"": """",
    ""package_type"": """",
    ""custom_message"": """",
    ""weight"": """",
    ""dimensions"": null,
    ""po_number"": """",
    ""tag_number"": null,
    ""esignature_url"": null,
    ""login_carrier_id"": null,
    ""login_user_id"": 22762,
    ""logout_code_id"": 10000,
    ""logout_user_id"": null,
    ""logout_recipient_id"": null,
    ""staff_note"": """",
    ""change_history"": null,
    ""shorturl_login"": null,
    ""shorturl_logout"": null,
    ""ocr_triggered"": 1,
    ""package_sequence"": ""1 of 1"",
    ""locker_pin_code"": null
  },
  {
    ""package_id"": 34369478,
    ""account_id"": 54087,
    ""tracking_number"": ""420118039410811699000950272027"",
    ""shipping_carrier"": ""US Postal Service"",
    ""recipient_id"": 4856423,
    ""mailroom_id"": 151916,
    ""group_id"": null,
    ""compartment_id"": null,
    ""login_module"": ""track"",
    ""recipient_name"": ""Judy Kechejian"",
    ""recipient_address1"": ""227"",
    ""date_received"": ""2026-04-29 02:11:07"",
    ""date_received_yyyymm"": 202604,
    ""date_expires"": null,
    ""date_pickedup"": ""0000-00-00 00:00:00"",
    ""handling"": """",
    ""shelf"": """",
    ""sender"": """",
    ""service_type"": """",
    ""package_condition"": """",
    ""package_type"": """",
    ""custom_message"": """",
    ""weight"": """",
    ""dimensions"": null,
    ""po_number"": """",
    ""tag_number"": null,
    ""esignature_url"": null,
    ""login_carrier_id"": null,
    ""login_user_id"": 22762,
    ""logout_code_id"": 10000,
    ""logout_user_id"": null,
    ""logout_recipient_id"": null,
    ""staff_note"": """",
    ""change_history"": null,
    ""shorturl_login"": null,
    ""shorturl_logout"": null,
    ""ocr_triggered"": 1,
    ""package_sequence"": ""1 of 1"",
    ""locker_pin_code"": null
  },
  {
    ""package_id"": 34369479,
    ""account_id"": 54087,
    ""tracking_number"": ""420118039410811699000950272027"",
    ""shipping_carrier"": ""US Postal Service"",
    ""recipient_id"": 4856423,
    ""mailroom_id"": 151916,
    ""group_id"": null,
    ""compartment_id"": null,
    ""login_module"": ""track"",
    ""recipient_name"": ""Judy Kechejian"",
    ""recipient_address1"": ""227"",
    ""date_received"": ""2026-04-29 02:27:56"",
    ""date_received_yyyymm"": 202604,
    ""date_expires"": null,
    ""date_pickedup"": ""0000-00-00 00:00:00"",
    ""handling"": """",
    ""shelf"": """",
    ""sender"": """",
    ""service_type"": """",
    ""package_condition"": """",
    ""package_type"": """",
    ""custom_message"": """",
    ""weight"": """",
    ""dimensions"": null,
    ""po_number"": """",
    ""tag_number"": null,
    ""esignature_url"": null,
    ""login_carrier_id"": null,
    ""login_user_id"": 22762,
    ""logout_code_id"": 10000,
    ""logout_user_id"": null,
    ""logout_recipient_id"": null,
    ""staff_note"": """",
    ""change_history"": null,
    ""shorturl_login"": null,
    ""shorturl_logout"": null,
    ""ocr_triggered"": 1,
    ""package_sequence"": ""1 of 1"",
    ""locker_pin_code"": null
  }
]","",""
"2026-07-17 15:40:41,963","INFO","chatbot_sql","54087","good morning","","greeting","0","Good morning! How can I assist you today with your account and package data questions?","",""
"2026-07-17 15:42:19,194","INFO","chatbot_sql","54087","god morning","","greeting","0","Good morning! How can I assist you today regarding your account and package data?","",""
"2026-07-17 15:42:40,283","INFO","chatbot_sql","54087","jycglu","","out_of_scope","0","I seem to have misunderstood your request. Could you please provide more details so I can assist you better?","",""
"2026-07-17 17:44:02,810","INFO","chatbot_sql","54087","how many packages are delivered to syta?","SELECT COUNT(*) AS package_count FROM track_packages WHERE recipient_name LIKE '%syta%' AND account_id = 54087;","ok:session_data_llm","10","I found 10 matching record(s). Here is a quick preview from the latest record: package_id=34369470, account_id=54087, tracking_number=420118039410811699000950272027, shipping_carrier=US Postal Service.","",""
"2026-07-17 17:46:48,609","INFO","chatbot_sql","54087","how many packages are delivered to syta?","SELECT COUNT(*) AS package_count FROM track_packages WHERE recipient_name LIKE '%syta%' AND account_id = 54087;","insufficient_data","0","No packages were delivered to this account for sugar_tamazon.","",""
"2026-07-17 17:47:26,151","INFO","chatbot_sql","54087","how many packages are delivered to syta?","SELECT COUNT(*) AS package_count FROM track_packages WHERE recipient_name LIKE '%syta%' AND account_id = 54087;","insufficient_data","0","No matching package records were found for this account based on your request.","",""
"2026-07-17 17:47:53,239","INFO","chatbot_sql","54087","hi","","greeting","0","Hi there! Glad to hear from you. Feel free to ask about your account package data questions. How can I assist you today?","",""
"2026-07-17 17:48:44,181","INFO","chatbot_sql","54087","how many packages are delivered to syta?","SELECT COUNT(*) AS package_count FROM track_packages WHERE recipient_name LIKE '%syta%' AND account_id = 54087 LIMIT 100;","insufficient_data","0","No matching package records were found for this account based on your request.","",""
"2026-07-17 17:49:09,597","INFO","chatbot_sql","54087","how many packages are there and what are they?","FOLLOWUP_FROM_CONTEXT","ok:followup_records","10","I found 10 matching record(s). Here are the records:
[
  {
    ""package_id"": 34369470,
    ""account_id"": 54087,
    ""tracking_number"": ""420118039410811699000950272027"",
    ""shipping_carrier"": ""US Postal Service"",
    ""recipient_id"": 4856423,
    ""mailroom_id"": 151916,
    ""group_id"": null,
    ""compartment_id"": null,
    ""login_module"": ""track"",
    ""recipient_name"": ""Judy Kechejian"",
    ""recipient_address1"": ""227"",
    ""date_received"": ""2026-04-28 23:02:39"",
    ""date_received_yyyymm"": 202604,
    ""date_expires"": null,
    ""date_pickedup"": ""0000-00-00 00:00:00"",
    ""handling"": """",
    ""shelf"": """",
    ""sender"": """",
    ""service_type"": """",
    ""package_condition"": """",
    ""package_type"": """",
    ""custom_message"": """",
    ""weight"": """",
    ""dimensions"": null,
    ""po_number"": """",
    ""tag_number"": null,
    ""esignature_url"": null,
    ""login_carrier_id"": null,
    ""login_user_id"": 22762,
    ""logout_code_id"": 10000,
    ""logout_user_id"": null,
    ""logout_recipient_id"": null,
    ""staff_note"": """",
    ""change_history"": null,
    ""shorturl_login"": null,
    ""shorturl_logout"": null,
    ""ocr_triggered"": 1,
    ""package_sequence"": ""1 of 1"",
    ""locker_pin_code"": null
  },
  {
    ""package_id"": 34369471,
    ""account_id"": 54087,
    ""tracking_number"": ""420118039410811699000950272027"",
    ""shipping_carrier"": ""US Postal Service"",
    ""recipient_id"": 4856423,
    ""mailroom_id"": 151916,
    ""group_id"": null,
    ""compartment_id"": null,
    ""login_module"": ""track"",
    ""recipient_name"": ""Judy Kechejian"",
    ""recipient_address1"": ""227"",
    ""date_received"": ""2026-04-28 23:07:25"",
    ""date_received_yyyymm"": 202604,
    ""date_expires"": null,
    ""date_pickedup"": ""0000-00-00 00:00:00"",
    ""handling"": """",
    ""shelf"": """",
    ""sender"": """",
    ""service_type"": """",
    ""package_condition"": """",
    ""package_type"": """",
    ""custom_message"": """",
    ""weight"": """",
    ""dimensions"": null,
    ""po_number"": """",
    ""tag_number"": null,
    ""esignature_url"": null,
    ""login_carrier_id"": null,
    ""login_user_id"": 22762,
    ""logout_code_id"": 10000,
    ""logout_user_id"": null,
    ""logout_recipient_id"": null,
    ""staff_note"": """",
    ""change_history"": null,
    ""shorturl_login"": null,
    ""shorturl_logout"": null,
    ""ocr_triggered"": 1,
    ""package_sequence"": ""1 of 1"",
    ""locker_pin_code"": null
  },
  {
    ""package_id"": 34369472,
    ""account_id"": 54087,
    ""tracking_number"": ""420118039410811699000950272027"",
    ""shipping_carrier"": ""US Postal Service"",
    ""recipient_id"": 4856423,
    ""mailroom_id"": 151916,
    ""group_id"": null,
    ""compartment_id"": null,
    ""login_module"": ""track"",
    ""recipient_name"": ""Judy Kechejian"",
    ""recipient_address1"": ""227"",
    ""date_received"": ""2026-04-28 23:25:30"",
    ""date_received_yyyymm"": 202604,
    ""date_expires"": null,
    ""date_pickedup"": ""0000-00-00 00:00:00"",
    ""handling"": """",
    ""shelf"": """",
    ""sender"": """",
    ""service_type"": """",
    ""package_condition"": """",
    ""package_type"": """",
    ""custom_message"": """",
    ""weight"": """",
    ""dimensions"": null,
    ""po_number"": """",
    ""tag_number"": null,
    ""esignature_url"": null,
    ""login_carrier_id"": null,
    ""login_user_id"": 22762,
    ""logout_code_id"": 10000,
    ""logout_user_id"": null,
    ""logout_recipient_id"": null,
    ""staff_note"": """",
    ""change_history"": null,
    ""shorturl_login"": null,
    ""shorturl_logout"": null,
    ""ocr_triggered"": 1,
    ""package_sequence"": ""1 of 1"",
    ""locker_pin_code"": null
  },
  {
    ""package_id"": 34369473,
    ""account_id"": 54087,
    ""tracking_number"": ""420118039410811699000950272027"",
    ""shipping_carrier"": ""US Postal Service"",
    ""recipient_id"": 4856423,
    ""mailroom_id"": 151916,
    ""group_id"": null,
    ""compartment_id"": null,
    ""login_module"": ""track"",
    ""recipient_name"": ""Judy Kechejian"",
    ""recipient_address1"": ""227"",
    ""date_received"": ""2026-04-28 23:45:25"",
    ""date_received_yyyymm"": 202604,
    ""date_expires"": null,
    ""date_pickedup"": ""0000-00-00 00:00:00"",
    ""handling"": """",
    ""shelf"": """",
    ""sender"": """",
    ""service_type"": """",
    ""package_condition"": """",
    ""package_type"": """",
    ""custom_message"": """",
    ""weight"": """",
    ""dimensions"": null,
    ""po_number"": """",
    ""tag_number"": null,
    ""esignature_url"": null,
    ""login_carrier_id"": null,
    ""login_user_id"": 22762,
    ""logout_code_id"": 10000,
    ""logout_user_id"": null,
    ""logout_recipient_id"": null,
    ""staff_note"": """",
    ""change_history"": null,
    ""shorturl_login"": null,
    ""shorturl_logout"": null,
    ""ocr_triggered"": 1,
    ""package_sequence"": ""1 of 1"",
    ""locker_pin_code"": null
  },
  {
    ""package_id"": 34369474,
    ""account_id"": 54087,
    ""tracking_number"": ""420118039410811699000950272027"",
    ""shipping_carrier"": ""US Postal Service"",
    ""recipient_id"": 4856423,
    ""mailroom_id"": 151916,
    ""group_id"": null,
    ""compartment_id"": null,
    ""login_module"": ""track"",
    ""recipient_name"": ""Judy Kechejian"",
    ""recipient_address1"": ""227"",
    ""date_received"": ""2026-04-28 23:53:03"",
    ""date_received_yyyymm"": 202604,
    ""date_expires"": null,
    ""date_pickedup"": ""0000-00-00 00:00:00"",
    ""handling"": """",
    ""shelf"": """",
    ""sender"": """",
    ""service_type"": """",
    ""package_condition"": """",
    ""package_type"": """",
    ""custom_message"": """",
    ""weight"": """",
    ""dimensions"": null,
    ""po_number"": """",
    ""tag_number"": null,
    ""esignature_url"": null,
    ""login_carrier_id"": null,
    ""login_user_id"": 22762,
    ""logout_code_id"": 10000,
    ""logout_user_id"": null,
    ""logout_recipient_id"": null,
    ""staff_note"": """",
    ""change_history"": null,
    ""shorturl_login"": null,
    ""shorturl_logout"": null,
    ""ocr_triggered"": 1,
    ""package_sequence"": ""1 of 1"",
    ""locker_pin_code"": null
  },
  {
    ""package_id"": 34369475,
    ""account_id"": 54087,
    ""tracking_number"": ""420118039410811699000950272027"",
    ""shipping_carrier"": ""US Postal Service"",
    ""recipient_id"": 4856423,
    ""mailroom_id"": 151916,
    ""group_id"": null,
    ""compartment_id"": null,
    ""login_module"": ""track"",
    ""recipient_name"": ""Judy Kechejian"",
    ""recipient_address1"": ""227"",
    ""date_received"": ""2026-04-29 01:45:29"",
    ""date_received_yyyymm"": 202604,
    ""date_expires"": null,
    ""date_pickedup"": ""0000-00-00 00:00:00"",
    ""handling"": """",
    ""shelf"": """",
    ""sender"": """",
    ""service_type"": """",
    ""package_condition"": """",
    ""package_type"": """",
    ""custom_message"": """",
    ""weight"": """",
    ""dimensions"": null,
    ""po_number"": """",
    ""tag_number"": null,
    ""esignature_url"": null,
    ""login_carrier_id"": null,
    ""login_user_id"": 22762,
    ""logout_code_id"": 10000,
    ""logout_user_id"": null,
    ""logout_recipient_id"": null,
    ""staff_note"": """",
    ""change_history"": null,
    ""shorturl_login"": null,
    ""shorturl_logout"": null,
    ""ocr_triggered"": 1,
    ""package_sequence"": ""1 of 1"",
    ""locker_pin_code"": null
  },
  {
    ""package_id"": 34369476,
    ""account_id"": 54087,
    ""tracking_number"": ""420118039410811699000950272027"",
    ""shipping_carrier"": ""US Postal Service"",
    ""recipient_id"": 4856423,
    ""mailroom_id"": 151916,
    ""group_id"": null,
    ""compartment_id"": null,
    ""login_module"": ""track"",
    ""recipient_name"": ""Judy Kechejian"",
    ""recipient_address1"": ""227"",
    ""date_received"": ""2026-04-29 02:00:33"",
    ""date_received_yyyymm"": 202604,
    ""date_expires"": null,
    ""date_pickedup"": ""0000-00-00 00:00:00"",
    ""handling"": """",
    ""shelf"": """",
    ""sender"": """",
    ""service_type"": """",
    ""package_condition"": """",
    ""package_type"": """",
    ""custom_message"": """",
    ""weight"": """",
    ""dimensions"": null,
    ""po_number"": """",
    ""tag_number"": null,
    ""esignature_url"": null,
    ""login_carrier_id"": null,
    ""login_user_id"": 22762,
    ""logout_code_id"": 10000,
    ""logout_user_id"": null,
    ""logout_recipient_id"": null,
    ""staff_note"": """",
    ""change_history"": null,
    ""shorturl_login"": null,
    ""shorturl_logout"": null,
    ""ocr_triggered"": 1,
    ""package_sequence"": ""1 of 1"",
    ""locker_pin_code"": null
  },
  {
    ""package_id"": 34369477,
    ""account_id"": 54087,
    ""tracking_number"": ""420118039410811699000950272027"",
    ""shipping_carrier"": ""US Postal Service"",
    ""recipient_id"": 4856423,
    ""mailroom_id"": 151916,
    ""group_id"": null,
    ""compartment_id"": null,
    ""login_module"": ""track"",
    ""recipient_name"": ""Judy Kechejian"",
    ""recipient_address1"": ""227"",
    ""date_received"": ""2026-04-29 02:05:35"",
    ""date_received_yyyymm"": 202604,
    ""date_expires"": null,
    ""date_pickedup"": ""0000-00-00 00:00:00"",
    ""handling"": """",
    ""shelf"": """",
    ""sender"": """",
    ""service_type"": """",
    ""package_condition"": """",
    ""package_type"": """",
    ""custom_message"": """",
    ""weight"": """",
    ""dimensions"": null,
    ""po_number"": """",
    ""tag_number"": null,
    ""esignature_url"": null,
    ""login_carrier_id"": null,
    ""login_user_id"": 22762,
    ""logout_code_id"": 10000,
    ""logout_user_id"": null,
    ""logout_recipient_id"": null,
    ""staff_note"": """",
    ""change_history"": null,
    ""shorturl_login"": null,
    ""shorturl_logout"": null,
    ""ocr_triggered"": 1,
    ""package_sequence"": ""1 of 1"",
    ""locker_pin_code"": null
  },
  {
    ""package_id"": 34369478,
    ""account_id"": 54087,
    ""tracking_number"": ""420118039410811699000950272027"",
    ""shipping_carrier"": ""US Postal Service"",
    ""recipient_id"": 4856423,
    ""mailroom_id"": 151916,
    ""group_id"": null,
    ""compartment_id"": null,
    ""login_module"": ""track"",
    ""recipient_name"": ""Judy Kechejian"",
    ""recipient_address1"": ""227"",
    ""date_received"": ""2026-04-29 02:11:07"",
    ""date_received_yyyymm"": 202604,
    ""date_expires"": null,
    ""date_pickedup"": ""0000-00-00 00:00:00"",
    ""handling"": """",
    ""shelf"": """",
    ""sender"": """",
    ""service_type"": """",
    ""package_condition"": """",
    ""package_type"": """",
    ""custom_message"": """",
    ""weight"": """",
    ""dimensions"": null,
    ""po_number"": """",
    ""tag_number"": null,
    ""esignature_url"": null,
    ""login_carrier_id"": null,
    ""login_user_id"": 22762,
    ""logout_code_id"": 10000,
    ""logout_user_id"": null,
    ""logout_recipient_id"": null,
    ""staff_note"": """",
    ""change_history"": null,
    ""shorturl_login"": null,
    ""shorturl_logout"": null,
    ""ocr_triggered"": 1,
    ""package_sequence"": ""1 of 1"",
    ""locker_pin_code"": null
  },
  {
    ""package_id"": 34369479,
    ""account_id"": 54087,
    ""tracking_number"": ""420118039410811699000950272027"",
    ""shipping_carrier"": ""US Postal Service"",
    ""recipient_id"": 4856423,
    ""mailroom_id"": 151916,
    ""group_id"": null,
    ""compartment_id"": null,
    ""login_module"": ""track"",
    ""recipient_name"": ""Judy Kechejian"",
    ""recipient_address1"": ""227"",
    ""date_received"": ""2026-04-29 02:27:56"",
    ""date_received_yyyymm"": 202604,
    ""date_expires"": null,
    ""date_pickedup"": ""0000-00-00 00:00:00"",
    ""handling"": """",
    ""shelf"": """",
    ""sender"": """",
    ""service_type"": """",
    ""package_condition"": """",
    ""package_type"": """",
    ""custom_message"": """",
    ""weight"": """",
    ""dimensions"": null,
    ""po_number"": """",
    ""tag_number"": null,
    ""esignature_url"": null,
    ""login_carrier_id"": null,
    ""login_user_id"": 22762,
    ""logout_code_id"": 10000,
    ""logout_user_id"": null,
    ""logout_recipient_id"": null,
    ""staff_note"": """",
    ""change_history"": null,
    ""shorturl_login"": null,
    ""shorturl_logout"": nil,
    ""ocr_triggered"": 1,
    ""package_sequence"": ""1 of 1"",
    ""locker_pin_code"": null
  }
]","",""
"2026-07-17 17:50:28,178","INFO","chatbot_sql","54087","how many pkgs logged in today?","SELECT COUNT(*) AS pkg_count FROM track_packages WHERE account_id = 54087 AND DATE(date_received_yyyymm) = CURDATE()","insufficient_data","0","No matching package records were found for this account today.","",""
"2026-07-17 17:52:01,016","INFO","chatbot_sql","54087","how many pkgs logged in last month?","SELECT COUNT(*) AS pkg_count FROM track_packages WHERE account_id = 54087 AND date_received_yyyymm >= SUBDATE(NOW(), INTERVAL 1 MONTH) AND date_received_yyyymm < CURDATE()","ok:session_data_llm","10","I found 10 matching record(s). Here is a quick preview from the latest record: package_id=34369470, account_id=54087, tracking_number=420118039410811699000950272027, shipping_carrier=US Postal Service.","",""
"2026-07-17 17:53:29,770","INFO","chatbot_sql","54087","how many pkgs logged in last month?","SELECT COUNT(*) AS package_count FROM track_packages WHERE account_id = 54087 AND date_received_yyyymm >= DATE_SUB(CURDATE(), INTERVAL 1 MONTH) AND date_received_yyyymm < CURDATE()","ok:session_data_llm","10","I found 10 matching record(s). Here is a quick preview from the latest record: package_id=34369470, account_id=54087, tracking_number=420118039410811699000950272027, shipping_carrier=US Postal Service.","",""
"2026-07-17 17:54:19,954","INFO","chatbot_sql","54087","give me the remaining records?","","out_of_scope","0","I seem to have information about account packages only. For details on remaining records elsewhere, I'm afraid my capabilities don't extend to that area.","",""
"2026-07-20 10:18:31,829","INFO","chatbot_sql","54087","what are the packages delivered today?","SELECT * FROM track_packages WHERE account_id = 54087 LIMIT 25","ok:sql_rows_llm","10","I found 10 matching record(s). Here is a quick preview from the latest record: package_id=34369470, account_id=54087, tracking_number=420118039410811699000950272027, shipping_carrier=US Postal Service.","",""
"2026-07-20 10:37:21,694","INFO","chatbot_sql","54087","what are the packages delivered today?","SELECT * FROM track_packages WHERE account_id = 54087 AND date_received_yyyymm = YEAR(NOW())||'-'.MONTH(NOW()) AND DAY(date_received) = DAY(NOW()) LIMIT 100;","sql_execution_failed:(pymysql.err.ProgrammingError) (1064, ""You have an error in your SQL syntax; check the manual that corresponds to your MySQL server version for the right syntax to use near '.MONTH(NOW()) AND DAY(date_received) = DAY(NOW()) LIMIT 100' at line 1"")
[SQL: SELECT * FROM track_packages WHERE account_id = 54087 AND date_received_yyyymm = YEAR(NOW())||'-'.MONTH(NOW()) AND DAY(date_received) = DAY(NOW()) LIMIT 100]
(Background on this error at: https://sqlalche.me/e/20/f405)","0","I cannot respond because you do not have sufficient data.","",""
"2026-07-20 10:44:41,250","INFO","chatbot_sql","54087","what are the packages delivered today?","SELECT * FROM track_packages WHERE account_id = 54087 AND DATE(date_received) = CURDATE() LIMIT 100","insufficient_data","0","No matching package records were found for this account today.","",""
"2026-07-20 10:55:36,689","INFO","chatbot_sql","54087","hello","","greeting","0","Hey there! Glad to hear from you. I'm here to help with any account package data questions you might have. How can I assist you today?","",""
"2026-07-20 10:57:38,419","INFO","chatbot_sql","54087","good morning","","greeting","0","Good morning! How can I assist you today with your account package data questions?","",""
"2026-07-20 10:57:59,270","INFO","chatbot_sql","54087","hi","","greeting","0","Hi there! How can I assist you today? If you have any questions about your account packages, just let me know. Anything else?","",""
"2026-07-20 12:06:31,971","INFO","chatbot_sql","54087","on which recipient name more packages are loggedin and how many?","SELECT CONCAT(recipient_name), COUNT(*) AS package_count FROM track_packages WHERE account_id = 54087 GROUP BY recipient_name ORDER BY package_count DESC LIMIT 100","ok:explicit_sql_answer","1","The total matching records are 1.","",""
"2026-07-20 13:45:24,400","INFO","chatbot_sql","54087","hi","","greeting","0","Hi there! Glad to hear from you. I'm here to help with any account package data questions you might have. How can I assist you today?","",""
"2026-07-20 14:05:07,877","INFO","chatbot_sql","54087","which recipient got more packages?","SELECT recipient_name, COUNT(*) as package_count FROM track_packages WHERE account_id = 54087 GROUP BY recipient_name ORDER BY package_count DESC LIMIT 1","ok:explicit_sql_answer","1","Judy Kechejian has the most logged packages with 10 package(s).","",""
"2026-07-20 14:05:53,349","INFO","chatbot_sql","54087","what is the tracking number of the packages?","SELECT tracking_number FROM track_packages WHERE account_id = 54087 LIMIT 100","ok:explicit_sql_answer","10","The total matching records are 10.","",""
"2026-07-20 14:18:34,170","INFO","chatbot_sql","54087","which recipient got more packages?
what is the tracking number of the packages?","","out_of_scope","0","I'm sorry, but I don't have enough information to answer your questions regarding specific recipients and their package details. Could you please provide me with more specific data or context?","",""
"2026-07-20 14:20:06,209","INFO","chatbot_sql","54087","which recipient got more packages?","SELECT recipient_name AS recipient, COUNT(*) as package_count FROM track_packages WHERE account_id = 54087 GROUP BY recipient_name ORDER BY package_count DESC LIMIT 100","ok:sql_rows_llm","1","The recipient who got more packages is Judy Kechejian with a total of 10 packages. No other recipients have the same or higher number of packages based on the provided data.","",""
"2026-07-20 14:21:01,163","INFO","chatbot_sql","54087","what is the tracking number of the packages?","SELECT CONCAT('tracking_no', package_id) AS tracking FROM track_packages WHERE account_id = 54087 LIMIT 100","ok:sql_rows_llm","10","The tracking numbers of the packages are: tracking_no34369470, tracking_no34369471, tracking_no34369472, tracking_no34369473, tracking_no34369474, tracking_no34369475, tracking_no34369476, tracking_no34369477, tracking_no34369478, tracking_no34369479. A total of 10 packages were found with the provided account_id and limit.","",""
"2026-07-20 14:22:08,847","INFO","chatbot_sql","54087","what is the address?","SELECT recipient_address1 FROM track_packages WHERE account_id = 54087 LIMIT 100","ok:sql_rows_llm","10","The provided rows indicate that the address is ""227"", and it was found in 100 matching records. No other addresses were listed.","",""
"2026-07-20 14:27:48,500","INFO","chatbot_sql","54087","what are the package id's","SELECT package_id FROM track_packages WHERE account_id = 54087 LIMIT 100","ok:sql_rows_llm","10","The package ids are: 34369470, 34369471, 34369472, 34369473, 34369474, 34369475, 34369476, 34369477, 34369478, 34369479

There are a total of 10 package ids.","",""
"2026-07-20 14:29:17,355","INFO","chatbot_sql","54087","what are the tracking nubers of the packages","SELECT tracking_number AS tracking FROM track_packages WHERE account_id = 54087 LIMIT 100","ok:sql_rows_llm","10","I found 10 matching record(s). Here is a quick preview from the latest record: tracking=420118039410811699000950272027.","",""
"2026-07-20 14:30:44,873","INFO","chatbot_sql","54087","what is the carrier?","SELECT shipping_carrier FROM track_packages WHERE account_id = 54087 LIMIT 100","ok:sql_rows_llm","10","The carrier is US Postal Service. There are 10 matching records with this account ID.","",""
"2026-07-20 14:31:57,739","INFO","chatbot_sql","54087","give me the all dates of the packages delivered","SELECT date_received AS received_date FROM track_packages WHERE account_id = 54087 AND DATE(date_received) = CURDATE() LIMIT 100","insufficient_data","0","No matching package records were found for this account based on your request.","",""
"2026-07-20 14:40:29,266","INFO","chatbot_sql","54087","at what dates all the packages delivered","SELECT MIN(date_received) AS earliest_delivery_date, MAX(date_expires) AS latest_delivery_date FROM track_packages WHERE account_id = 54087 AND date_pickedup IS NOT NULL AND date_expires IS NOT NULL LIMIT 100;","ok:sql_rows_llm","1","No matching organizational data was found for the packages delivered.","",""
"2026-07-20 14:50:15,368","INFO","chatbot_sql","54087","hey","","greeting","0","Hey there! How's it going? I'm here to help with any account package data questions. What can I assist you with today?","",""
"2026-07-20 14:50:39,009","INFO","chatbot_sql","54087","i have few quaries","","out_of_scope","0","I'm sorry, but I don't seem to have the information you're looking for. Please provide more details on what you need assistance with.","",""
"2026-07-20 14:54:54,924","INFO","chatbot_sql","54087","i have few quaries","","help","0","Sure thing! I'd be happy to help. Feel free to ask about your account packages like checking their status, updating details, or any other questions you might have regarding account information and package management. Here are a few example question styles:

- Can you tell me the current status of my last delivery?
- How do I change the frequency of receiving email notifications for updates?
- Where can I find detailed logs related to recent transactions?","",""
"2026-07-20 15:13:37,061","INFO","chatbot_sql","54087","what are total peckges logged today","SELECT COUNT(*) AS total_packages_logged_today FROM track_packages WHERE account_id = 54087 AND DATE(date_received) = CURDATE()","ok:sql_rows_llm","1","No matching organizational data was found.","",""
"2026-07-20 15:14:33,962","INFO","chatbot_sql","54087","what are total packaes logged today","SELECT COUNT(*) AS total_packages FROM track_packages WHERE account_id = 54087 AND DATE(date_received) = CURDATE()","ok:sql_rows_llm","1","No matching organizational data was found for the count of packages logged today.","",""
"2026-07-20 16:38:47,760","INFO","chatbot_sql","54087","Give me list of packages of last month/","SELECT * FROM track_packages WHERE account_id = 54087 AND date_received_yyyymm >= DATE_FORMAT(CURDATE() - INTERVAL 1 MONTH, '%Y%m') LIMIT 100","insufficient_data","0","No matching package records were found for this account based on your request.","",""
"2026-07-21 09:57:20,753","INFO","chatbot_sql","54087","How many packages are there in this account?","SELECT COUNT(package_id) AS package_count FROM track_packages WHERE account_id = 54087;","ok:sql_rows_llm","1","There are 10 packages in the account with id 54087.","",""
"2026-07-21 10:04:53,305","INFO","chatbot_sql","54087","give ,me those packages tracking numbers and recipint names","SELECT tracking_number, recipient_name FROM track_packages WHERE account_id = 54087","ok:sql_rows_llm","10","Here are the tracking numbers and recipient names for the packages:

- Tracking Numbers: 420118039410811699000950272027, 420118039410811699000950272027
- Recipient Names: Judy Kechejian, Judy Kechejian, Judy Kechejian, Judy Kechejian, Judy Kechejian, Judy Kechejian, Judy Kechejian, Judy Kechejian, Judy Kechejian, Judy Kechejian

Total number of matching packages: 10","",""
"2026-07-21 10:19:26,445","INFO","chatbot_sql","54087","on which dates the pacakeges recieved or delivered","SELECT * FROM track_packages WHERE account_id = 54087 AND LOWER(COALESCE(status, package_status, delivery_status, '')) LIKE '%delivered%' ORDER BY package_id DESC LIMIT 100","sql_execution_failed:(pymysql.err.OperationalError) (1054, ""Unknown column 'status' in 'where clause'"")
[SQL: SELECT * FROM track_packages WHERE account_id = 54087 AND LOWER(COALESCE(status, package_status, delivery_status, '')) LIKE '%%delivered%%' ORDER BY package_id DESC LIMIT 100]
(Background on this error at: https://sqlalche.me/e/20/e3q8)","0","I cannot respond because you do not have sufficient data.","",""
"2026-07-21 10:23:12,658","INFO","chatbot_sql","54087","on which dates packages delivered?","SELECT DATE(date_received) AS delivery_date FROM track_packages WHERE account_id = 54087 GROUP BY DATE(date_received) LIMIT 100","ok:sql_rows_llm","2","The packages were delivered on the following dates, in MM/dd/yyyy format: 
April 28/2026, April 29/2026.","",""
"2026-07-21 10:23:46,340","INFO","chatbot_sql","54087","hey\","","greeting","0","Hey there! How can I assist you today with your account package data questions?","",""
"2026-07-21 10:24:22,333","INFO","chatbot_sql","54087","account holder name?","","direct_account_id","0","The account id is 54087.","",""
"2026-07-21 10:33:30,978","INFO","chatbot_sql","54087","on which date the packages are delivered more and how many?","SELECT MAX(date_received), shipping_carrier FROM track_packages WHERE account_id = 54087 AND DATE(date_received) = CURDATE() GROUP BY shipping_carrier ORDER BY COUNT(*) DESC LIMIT 1;","insufficient_data","0","No matching package records were found for this account based on your request.","",""
"2026-07-21 10:41:33,674","INFO","chatbot_sql","54087","which date the packages delivered more and how many","SELECT DATE(date_pickedup) AS delivered_date, COUNT(*) AS delivered_count FROM track_packages WHERE account_id = 54087 AND date_pickedup IS NOT NULL GROUP BY DATE(date_pickedup) ORDER BY delivered_count DESC, delivered_date DESC LIMIT 1","ok:peak_delivered_date","1","Packages were delivered the most on  with 10 package(s).","",""
"2026-07-21 10:41:56,060","INFO","chatbot_sql","54087","which date?","","out_of_scope","0","I can help with account package data. Could you please specify which details you need assistance with?","",""
"2026-07-21 10:43:32,309","INFO","chatbot_sql","54087","on which date packages delivered?","SELECT DATE(date_received) AS delivery_date FROM track_packages WHERE account_id = 54087 GROUP BY DATE(date_received) LIMIT 100","ok:sql_rows_llm","2","The packages were delivered on the dates April 28, 2026 and April 29, 2026. No other delivery dates are available in the provided data.","",""
"2026-07-21 11:49:42,944","INFO","chatbot_sql","54087","how many packages today?","SELECT COUNT(*) AS total_packages_received_today FROM track_packages WHERE DATE(date_received) = CURDATE() AND account_id = 54087","ok:sql_rows_llm","1","No matching organizational data was found for the count of packages received today with account ID 54087. The query did not return any rows that matched the criteria of being received on the current date and having an account ID of 54087. Please check the provided data or the filter conditions.","",""
"2026-07-21 13:54:29,274","INFO","chatbot_sql","54087","hi","","greeting","0","Hello! Hi there! How can I assist you today regarding your account package data?","",""
"2026-07-21 14:13:47,505","INFO","chatbot_sql","54087","hi","","greeting","0","Hello! I can help you with your account package data questions.","",""
"2026-07-21 14:14:11,150","INFO","chatbot_sql","54087","what can you do?","","help","0","I can help with your account package data. Ask about tracking numbers, delivered dates, package counts, or recipient-wise summaries.","",""
"2026-07-22 09:45:53,313","INFO","chatbot_sql","54087","give me the list of pacakages","SELECT * FROM track_packages WHERE account_id = 54087 LIMIT 100","ok:sql_rows_python","10","Here are the data fetched for your request (10 record(s)).","",""
"2026-07-22 09:47:48,991","INFO","chatbot_sql","54087","give me the list of pacakages","SELECT * FROM track_packages WHERE account_id = 54087 LIMIT 100","ok:sql_rows_python","10","Here are the data fetched for your request (10 record(s)).","",""
"2026-07-22 09:48:15,975","INFO","chatbot_sql","54087","Hi","","greeting","0","Hello! I can help you with your account package data questions.","",""
"2026-07-22 09:48:29,549","INFO","chatbot_sql","54087","thinnava","","greeting","0","Hello! I can help you with your account package data questions.","",""
"2026-07-22 09:48:37,519","INFO","chatbot_sql","54087","yes","","out_of_scope","0","I cannot respond because you do not have sufficient data.","",""
"2026-07-22 09:48:55,109","INFO","chatbot_sql","54087","latest records","","out_of_scope","0","I cannot respond because you do not have sufficient data.","",""
"2026-07-22 09:49:37,070","INFO","chatbot_sql","54087","can you share yesterdays record data","","out_of_scope","0","I cannot respond because you do not have sufficient data.","",""
"2026-07-22 09:50:06,496","INFO","chatbot_sql","54087","give me the data you have","","out_of_scope","0","I cannot respond because you do not have sufficient data.","",""
"2026-07-22 09:50:35,959","INFO","chatbot_sql","54087","give the data of records in table format","","out_of_scope","0","I cannot respond because you do not have sufficient data.","",""
"2026-07-22 09:50:57,400","INFO","chatbot_sql","54087","give me the liust of data in the table","","out_of_scope","0","I cannot respond because you do not have sufficient data.","",""
"2026-07-22 09:51:10,728","INFO","chatbot_sql","54087","listr of packages","SELECT * FROM track_packages WHERE account_id = 54087 LIMIT 100","ok:sql_rows_python","10","Here are the data fetched for your request (10 record(s)).","",""
"2026-07-22 09:51:30,366","INFO","chatbot_sql","54087","listr of packages","SELECT * FROM track_packages WHERE account_id = 54087 LIMIT 100","ok:sql_rows_python","10","Here are the data fetched for your request (10 record(s)).","",""
"2026-07-22 09:55:12,885","INFO","chatbot_sql","54087","what was the last date of pacage delivered?","SELECT DATE(date_received) AS delivered_date FROM track_packages WHERE account_id = 54087 AND date_received IS NOT NULL GROUP BY DATE(date_received) ORDER BY delivered_date DESC LIMIT 20","ok:delivered_dates","2","Packages were delivered on these dates: 04/29/2026, 04/28/2026.","",""
"2026-07-22 10:00:48,241","INFO","chatbot_sql","54087","give me the tracking number and package id data","SELECT package_id, tracking_number FROM track_packages WHERE account_id = 54087 LIMIT 100","ok:sql_rows_python","10","The tracking number is 420118039410811699000950272027.","",""
"2026-07-22 10:01:04,474","INFO","chatbot_sql","54087","hi","","greeting","0","Hello! I can help you with your account package data questions.","",""
"2026-07-22 10:01:07,462","INFO","chatbot_sql","54087","hello","","greeting","0","Hello! I can help you with your account package data questions.","",""
"2026-07-22 10:01:12,769","INFO","chatbot_sql","54087","good morning","","greeting","0","Hello! I can help you with your account package data questions.","",""
"2026-07-22 10:03:33,053","INFO","chatbot_sql","54087","hello","","greeting","0","Welcome! I am ready to help with your package data queries.","",""
"2026-07-22 10:03:46,160","INFO","chatbot_sql","54087","i want to ask some questions","","help","0","I can help with your account package data. Ask about tracking numbers, delivered dates, package counts, or recipient-wise summaries.","",""
"2026-07-22 10:04:34,627","INFO","chatbot_sql","54087","give me amazon package ids","SELECT package_id FROM track_packages WHERE account_id = 54087 AND shipping_carrier LIKE 'AMAZON%' LIMIT 100","insufficient_data","0","No matching package records were found for this account based on your request.","",""
"2026-07-22 10:05:31,744","INFO","chatbot_sql","54087","give me US portal service delivered packages","SELECT * FROM track_packages WHERE account_id = 54087 AND shipping_carrier LIKE 'US%' LIMIT 100","ok:sql_rows_python","10","Here are the data fetched for your request. I found 10 matching record(s).","",""
"2026-07-22 10:06:14,224","INFO","chatbot_sql","54087","i don't want like this i want in table format","","greeting","0","Hello! I can fetch and summarize your account package details.","",""
"2026-07-22 10:09:44,380","INFO","chatbot_sql","54087","Hi my name is purna,i want the packages delivered in table","FOLLOWUP_FORMAT_FROM_CONTEXT","ok:followup_display_mode","10","Here are the data fetched for your request (10 record(s)).","",""
"2026-07-22 10:10:16,729","INFO","chatbot_sql","54087","what are the lates records?","FOLLOWUP_FORMAT_FROM_CONTEXT","ok:followup_display_mode","10","Here are the data fetched for your request (10 record(s)).","",""
"2026-07-22 10:10:38,732","INFO","chatbot_sql","54087","what are the last 2 records?","FOLLOWUP_FORMAT_FROM_CONTEXT","ok:followup_display_mode","10","Here are the data fetched for your request (10 record(s)).","",""
"2026-07-22 10:24:20,673","INFO","chatbot_sql","54087","what are the latest 5 records","SELECT * FROM track_packages WHERE account_id = 54087 ORDER BY date_received DESC LIMIT 5","ok:sql_rows_python","5","Here are the data fetched for your request (5 record(s)).","",""
"2026-07-22 10:24:58,298","INFO","chatbot_sql","54087","hi","","greeting","0","Welcome! I am ready to help with your package data queries.","",""
"2026-07-22 10:25:06,336","INFO","chatbot_sql","54087","what can you do?","","out_of_scope","0","I cannot respond because you do not have sufficient data.","",""
"2026-07-22 10:25:25,239","INFO","chatbot_sql","54087","what are your capabilities?..","","out_of_scope","0","I cannot respond because you do not have sufficient data.","",""
"2026-07-22 10:28:34,399","INFO","chatbot_sql","54087","give me the last tracking number","SELECT MAX(tracking_number) AS latest_tracking_number FROM track_packages WHERE account_id = 54087","ok:sql_rows_python","1","Here are the data fetched for your request. I found 1 matching record(s).","",""
"2026-07-22 10:29:01,951","INFO","chatbot_sql","54087","what are the latest records?","SELECT * FROM track_packages WHERE account_id = 54087 ORDER BY date_received DESC LIMIT 100","ok:sql_rows_python","10","Here are the data fetched for your request (10 record(s)).","",""
"2026-07-22 10:32:30,730","INFO","chatbot_sql","54087","give me details about yesterday packages develivered","SELECT * FROM track_packages WHERE account_id = 54087 AND DATE(date_received) = CURDATE() - INTERVAL 1 DAY LIMIT 100","insufficient_data","0","No matching package records were found for this account based on your request.","",""
"2026-07-22 10:37:35,016","INFO","chatbot_sql","54087","what are the last package delivered details","SELECT * FROM track_packages WHERE account_id = 54087 AND date_received = CURDATE() LIMIT 100","insufficient_data","0","No matching package records were found for this account based on your request.","",""
"2026-07-22 10:37:57,577","INFO","chatbot_sql","54087","what are the last package delivered dates","SELECT DATE(date_received) AS delivered_date FROM track_packages WHERE account_id = 54087 AND date_received IS NOT NULL GROUP BY DATE(date_received) ORDER BY delivered_date DESC LIMIT 1","ok:delivered_dates","1","The last delivered package date is **04/29/2026**.","",""
"2026-07-22 10:38:51,813","INFO","chatbot_sql","54087","all the package delivered details like table view","FOLLOWUP_FORMAT_FROM_CONTEXT","ok:followup_display_mode","1","Here are the data fetched for your request (1 record(s)).","",""
"2026-07-22 10:39:57,811","INFO","chatbot_sql","54087","all the package detils in the table?","SELECT * FROM track_packages WHERE account_id = 54087 LIMIT 100","ok:sql_rows_python","10","Here are the data fetched for your request (10 record(s)).","",""
"2026-07-22 10:40:24,649","INFO","chatbot_sql","54087","all the package delivered details like table view?","FOLLOWUP_FORMAT_FROM_CONTEXT","ok:followup_display_mode","10","Here are the data fetched for your request (10 record(s)).","",""
"2026-07-22 10:40:47,004","INFO","chatbot_sql","54087","all the package delivered details like table view?","FOLLOWUP_FORMAT_FROM_CONTEXT","ok:followup_display_mode","10","Here are the data fetched for your request (10 record(s)).","",""
"2026-07-22 10:41:35,779","INFO","chatbot_sql","54087","all the package delivered details like table view","SELECT * FROM track_packages WHERE account_id = 54087 AND date_received_yyyymm = CURDATE() LIMIT 100;","insufficient_data","0","No matching package records were found for this account based on your request.","",""
"2026-07-22 10:48:25,528","INFO","chatbot_sql","54087","all the package delivered details like table view","SELECT * FROM track_packages WHERE account_id = 54087 AND date_received_yyyymm >= DATE_FORMAT(NOW(), '%Y%m') LIMIT 100","insufficient_data","0","No matching package records were found for this account based on your request.","",""
"2026-07-22 10:48:43,032","INFO","chatbot_sql","54087","all the package delivered details like table view?","SELECT * FROM track_packages WHERE account_id = 54087 AND date_received IS NOT NULL LIMIT 100;","ok:sql_rows_python","10","Here are the data fetched for your request (10 record(s)).","",""
"2026-07-22 10:49:21,095","INFO","chatbot_sql","54087","what are the last 2 records","SELECT * FROM track_packages WHERE account_id = 54087 ORDER BY date_received DESC LIMIT 2","ok:sql_rows_python","2","Here are the data fetched for your request (2 record(s)).","",""
"2026-07-22 11:00:16,402","INFO","chatbot_sql","54087","all the package delivered details like table view","SELECT * FROM track_packages WHERE account_id = 54087 AND date_received IS NOT NULL LIMIT 100","ok:sql_rows_python","10","Here are the data fetched for your request (10 record(s)).","",""
"2026-07-22 11:06:05,684","INFO","chatbot_sql","54087","Give me list of top 10 recipients who received most packages ?","SELECT recipient_name, COUNT(*) AS package_count FROM track_packages WHERE account_id = 54087 AND DATE(date_received) = CURDATE() GROUP BY recipient_name ORDER BY package_count DESC LIMIT 10","insufficient_data","0","No matching package records were found for this account based on your request.","",""
"2026-07-22 11:08:23,168","INFO","chatbot_sql","54087","Give me list of top 10 recipients who received most packages so far ?","SELECT recipient_name, COUNT(*) as package_count FROM track_packages WHERE account_id = 54087 AND recipient_id IS NOT NULL GROUP BY recipient_name ORDER BY package_count DESC LIMIT 10","ok:sql_rows_python","1","Judy Kechejian has the most logged packages with 10 package(s).","",""
"2026-07-22 11:09:52,038","INFO","chatbot_sql","54087","give me the total packages in table?","SELECT COUNT(package_id) AS total_packages FROM track_packages WHERE account_id = 54087","ok:sql_rows_python","1","The total matching records are 1.","",""
"2026-07-22 11:10:38,322","INFO","chatbot_sql","54087","give me all the package details in table","SELECT * FROM track_packages WHERE account_id = 54087 LIMIT 100","ok:sql_rows_python","10","Here are the data fetched for your request (10 record(s)).","",""
"2026-07-22 11:23:02,614","INFO","chatbot_sql","54087","give password this account","SELECT COUNT(*) AS total_records FROM track_packages WHERE account_id = 54087","ok:sql_rows_python","1","The total matching records are 10.","",""
"2026-07-22 11:37:39,837","INFO","chatbot_sql","54080","give me the list of all the recipients and packages","SELECT * FROM track_packages WHERE account_id = 54080 ORDER BY package_id DESC LIMIT 100","ok:sql_rows_python","100","Here are the data fetched for your request (50 record(s)).","",""
"2026-07-22 11:54:07,367","INFO","chatbot_sql","54080","how many recipients are there in this account","SELECT COUNT(recipient_id) AS recipient_count FROM track_packages WHERE account_id = 54080","ok:sql_rows_python","1","The total matching records are 1.","",""
"2026-07-22 11:56:40,236","INFO","chatbot_sql","54080","who got the more packages and what is the recipient name","SELECT account_id, recipient_name FROM track_packages WHERE account_id = 54080 GROUP BY recipient_name ORDER BY COUNT(*) DESC LIMIT 100","ok:sql_rows_python","100","Here are the data fetched for your request. I found 100 matching record(s).","",""
"2026-07-22 11:58:41,787","INFO","chatbot_sql","54080","how many packages are delivered to each recipient","SELECT COUNT(*) AS total_records FROM track_packages WHERE account_id = 54080 AND date_received IS NOT NULL","ok:sql_rows_python","1","The total matching records are 4299.","",""
"2026-07-22 12:02:26,798","INFO","chatbot_sql","54080","i want individual package count of each recipient","SELECT COUNT(package_id) AS package_count, recipient_name FROM track_packages WHERE account_id = 54080 GROUP BY recipient_name LIMIT 100","ok:sql_rows_python","100","The total matching records are 167.","",""
"2026-07-22 12:11:41,961","INFO","chatbot_sql","54080","give me top 10 maximum packages delivered recipient names","SELECT recipient_name AS top_recipient_names FROM track_packages WHERE account_id = 54080 GROUP BY recipient_name ORDER BY COUNT(*) DESC LIMIT 10","ok:sql_rows_python","10","top_recipient_names: CEO Saephan, Satheesh Kanchi, Syta Saephan, Syta Res, Lalarry Anderson, KY Dong, Zoey Dong, Elaine Penman, Tashayanna Mixson, Clayton Tresca","",""
"2026-07-22 12:33:18,089","INFO","chatbot_sql","54080","give me the top 10 count of the packages of each recipient","SELECT recipient_name, COUNT(*) AS package_count FROM track_packages WHERE account_id = 54080 GROUP BY recipient_name ORDER BY package_count DESC LIMIT 10","ok:top_recipients","10","Here are the top recipient package counts (10 record(s)).","",""
"2026-07-22 17:41:12,613","INFO","chatbot_sql","54080","who got less packages top 10","SELECT * FROM track_packages WHERE account_id = 54080 ORDER BY package_id DESC LIMIT 100","ok:sql_rows_python","10","Here are the data fetched for your request. I found 10 matching record(s).","",""
"2026-07-22 17:41:30,327","INFO","chatbot_sql","54080","show the records","SELECT * FROM track_packages WHERE account_id = 54080 LIMIT 100","ok:sql_rows_python","100","Here are the data fetched for your request (100 record(s)).","",""
"2026-07-23 10:35:06,907","INFO","chatbot_sql","54080","who are the active recipients on this account?","SELECT COUNT(*) AS total_records FROM core_recipients WHERE account_id = 54080 AND LOWER(COALESCE(recipient_status, '')) = 'active'","ok:recipient_count","1","The total matching records are 0.","",""
"2026-07-23 10:47:04,828","INFO","chatbot_sql","54080","who are the active recipients on this account?","SELECT COUNT(*) AS total_records FROM core_recipients WHERE account_id = 54080 AND recipient_status IN (1)","ok:recipient_count","1","The total matching records are 5853.","",""
"2026-07-23 10:50:13,426","INFO","chatbot_sql","54080","how many are inactive in this account","SELECT COUNT(*) AS total_records FROM track_packages WHERE account_id = 54080","ok:sql_rows_python","1","The total matching records are 4299.","",""
"2026-07-23 10:50:47,442","INFO","chatbot_sql","54080","how many total recipients are there in this account","SELECT COUNT(*) AS total_records FROM core_recipients WHERE account_id = 54080","ok:recipient_count","1","The total matching records are 5867.","",""
"2026-07-23 10:57:41,408","INFO","chatbot_sql","54080","how many are active recipients","SELECT COUNT(DISTINCT recipient_id) AS total_records FROM core_recipients WHERE account_id = 54080 AND recipient_status IN (1)","ok:recipient_count","1","The total matching records are 5853.","",""
"2026-07-23 10:57:51,171","INFO","chatbot_sql","54080","inactive recipients?","SELECT cr.recipient_id, cr.account_id, cr.first_name, cr.preferred_first_name, cr.last_name, cr.email, cr.cellphone, cr.recipient_status, cr.date_added FROM core_recipients cr WHERE cr.account_id = 54080 AND cr.recipient_status IN (0) ORDER BY cr.recipient_id DESC LIMIT 100","ok:recipient_directory","14","Here are the data fetched for your request. I found 14 matching record(s).","",""
"2026-07-23 10:58:07,938","INFO","chatbot_sql","54080","total count of inactive recipients","SELECT COUNT(DISTINCT recipient_id) AS total_records FROM core_recipients WHERE account_id = 54080 AND recipient_status IN (0)","ok:recipient_count","1","The total matching records are 14.","",""
"2026-07-23 11:02:34,350","INFO","chatbot_sql","54080","future adding recipients?","SELECT cr.recipient_id, cr.account_id, cr.first_name, cr.preferred_first_name, cr.last_name, cr.email, cr.cellphone, cr.recipient_status, cr.date_added FROM core_recipients cr WHERE cr.account_id = 54080 AND cr.recipient_status IN (2) ORDER BY cr.recipient_id DESC LIMIT 100","recipient_template_no_rows","0","No matching package records were found for this account based on your request.","",""
"2026-07-23 11:22:17,200","INFO","chatbot_sql","54080","give me the latest top 10 packages delivered/","SELECT * FROM track_packages WHERE account_id = 54080 AND date_received IS NOT NULL ORDER BY date_received DESC, package_id DESC LIMIT 10","ok:latest_packages","10","Here are the latest package records fetched for your request (10 record(s)).","",""
"2026-07-23 11:24:21,385","INFO","chatbot_sql","54080","give me the count of active members","SELECT COUNT(DISTINCT recipient_id) AS total_records FROM core_recipients WHERE account_id = 54080 AND recipient_status IN (1)","ok:recipient_count","1","The total matching records are 5853.","",""
"2026-07-23 11:24:33,145","INFO","chatbot_sql","54080","inactive members","","out_of_scope","0","I cannot respond because you do not have sufficient data.","",""
"2026-07-23 11:26:44,538","INFO","chatbot_sql","54080","ki","","out_of_scope","0","I cannot respond because you do not have sufficient data.","",""
"2026-07-23 11:28:08,767","INFO","chatbot_sql","54080","how many packages have to this account","SELECT COUNT(*) AS total_records FROM track_packages WHERE account_id = 54080","ok:sql_rows_python","1","The total matching records are 4299.","",""
"2026-07-23 11:28:48,968","INFO","chatbot_sql","54080","recipients?","SELECT CONCAT(cr.first_name, ' ', cr.last_name) AS recipient_name FROM core_recipients cr JOIN track_packages tp ON cr.recipient_id = tp.recipient_id WHERE cr.account_id = 54080","ok:sql_rows_python","100","recipient_name: GAYLE SINGER, Vanessa Romo, Tiffany Shah, Nikita Kanchi, Satheesh Kanchi","",""
"2026-07-23 11:29:29,209","INFO","chatbot_sql","54080","how many recipients in his acoount","SELECT COUNT(DISTINCT recipient_id) AS total_records FROM core_recipients WHERE account_id = 54080","ok:recipient_count","1","The total matching records are 5867.","",""
"2026-07-23 20:05:47,814",INFO,chatbot_sql,54080,generate the maximum packages received by recipients top 10,"SELECT recipient_name, COUNT(*) AS package_count FROM track_packages WHERE account_id = 54080 GROUP BY recipient_name ORDER BY package_count DESC LIMIT 10",ok:top_recipients,10,"Here are the recipient package counts (highest first, 10 record(s)).",,
"2026-07-23 20:06:14,107",INFO,chatbot_sql,54080,i need them in bar chart,,out_of_scope,0,I cannot respond because you do not have sufficient data.,,
"2026-07-23 20:11:09,588",INFO,chatbot_sql,54080,generate the maximum packages received by recipients top 10,"SELECT recipient_name, COUNT(*) AS package_count FROM track_packages WHERE account_id = 54080 GROUP BY recipient_name ORDER BY package_count DESC LIMIT 10",ok:top_recipients,10,"Here are the recipient package counts (highest first, 10 record(s)).",,
"2026-07-23 20:11:51,181",INFO,chatbot_sql,54080,generate the pie chart for the maximum packages percentage received by recipients top 10,"SELECT recipient_name, COUNT(*) AS package_count FROM track_packages WHERE account_id = 54080 GROUP BY recipient_name ORDER BY package_count DESC LIMIT 10",ok:top_recipients,10,"Here are the recipient package counts (highest first, 10 record(s)).",,
"2026-07-23 20:16:54,890",INFO,chatbot_sql,54080,generate the maximum packages received by recipients top 10,"SELECT recipient_name, COUNT(*) AS package_count FROM track_packages WHERE account_id = 54080 GROUP BY recipient_name ORDER BY package_count DESC LIMIT 10",ok:top_recipients,10,"Here are the recipient package counts (highest first, 10 record(s)).",,
"2026-07-23 20:17:12,010",INFO,chatbot_sql,54080,generate a bar chart for this data,FOLLOWUP_FORMAT_FROM_CONTEXT,ok:followup_display_mode,10,Here are the data fetched for your request (10 record(s)).,,
"2026-07-23 20:21:03,029",INFO,chatbot_sql,54080,generate the maximum packages received by recipients top 10,"SELECT recipient_name, COUNT(*) AS package_count FROM track_packages WHERE account_id = 54080 GROUP BY recipient_name ORDER BY package_count DESC LIMIT 10",ok:top_recipients,10,"Here are the recipient package counts (highest first, 10 record(s)).",,
"2026-07-23 20:24:42,913",INFO,chatbot_sql,54080,generate the maximum packages received by recipients top 10,"SELECT recipient_name, COUNT(*) AS package_count FROM track_packages WHERE account_id = 54080 GROUP BY recipient_name ORDER BY package_count DESC LIMIT 10",ok:top_recipients,10,"Here are the recipient package counts (highest first, 10 record(s)).",,
"2026-07-23 20:30:40,490",INFO,chatbot_sql,54080,generate the maximum packages received by recipients top 10,"SELECT recipient_name, COUNT(*) AS package_count FROM track_packages WHERE account_id = 54080 GROUP BY recipient_name ORDER BY package_count DESC LIMIT 10",ok:top_recipients,10,"Here are the recipient package counts (highest first, 10 record(s)).",,
"2026-07-23 20:32:17,867",INFO,chatbot_sql,54080,generate the maximum packages received by recipients top 10,"SELECT recipient_name, COUNT(*) AS package_count FROM track_packages WHERE account_id = 54080 GROUP BY recipient_name ORDER BY package_count DESC LIMIT 10",ok:top_recipients,10,"Here are the recipient package counts (highest first, 10 record(s)).",,
"2026-07-23 20:35:37,618",INFO,chatbot_sql,54080,Generate top 10 maximum packages delivered recipients,"SELECT recipient_name, COUNT(*) AS package_count FROM track_packages WHERE account_id = 54080 AND date_received IS NOT NULL GROUP BY recipient_name ORDER BY package_count DESC LIMIT 10",ok:top_recipients,10,"Here are the recipient package counts (highest first, 10 record(s)).",,
"2026-07-23 20:38:04,207",INFO,chatbot_sql,54080,Generate top 10 maximum packages delivered recipients,"SELECT recipient_name, COUNT(*) AS package_count FROM track_packages WHERE account_id = 54080 AND date_received IS NOT NULL GROUP BY recipient_name ORDER BY package_count DESC LIMIT 10",ok:top_recipients,10,"Here are the recipient package counts (highest first, 10 record(s)).",,
"2026-07-23 20:43:26,747",INFO,chatbot_sql,54080,Generate top 10 maximum packages delivered recipients,LAST_CHART_CONTEXT,ok:chart_followup_answered,10,The highest value is 405.00 for CEO Saephan.,,
"2026-07-23 20:44:12,427",INFO,chatbot_sql,54080,Generate top 10 maximum packages delivered recipients,LAST_CHART_CONTEXT,ok:chart_followup_answered,10,The highest value is 405.00 for CEO Saephan.,,
"2026-07-23 20:46:03,696",INFO,chatbot_sql,54080,Generate top 10 maximum packages delivered recipients,"SELECT recipient_name, COUNT(*) AS package_count FROM track_packages WHERE account_id = 54080 AND date_received IS NOT NULL GROUP BY recipient_name ORDER BY package_count DESC LIMIT 10",ok:top_recipients,10,"Here are the recipient package counts (highest first, 10 record(s)).",,
"2026-07-23 20:46:57,601",INFO,chatbot_sql,54080,who got highest packages delivered?,"SELECT recipient_name, COUNT(*) AS package_count FROM track_packages WHERE account_id = 54080 AND date_received IS NOT NULL GROUP BY recipient_name ORDER BY package_count DESC LIMIT 10",ok:top_recipients,10,"Here are the recipient package counts (highest first, 10 record(s)).",,
"2026-07-23 20:47:21,826",INFO,chatbot_sql,54080,which recipient got maximum packages,"SELECT recipient_name, COUNT(*) AS package_count FROM track_packages WHERE account_id = 54080 GROUP BY recipient_name ORDER BY package_count DESC LIMIT 10",ok:top_recipients,10,"Here are the recipient package counts (highest first, 10 record(s)).",,
"2026-07-23 20:49:18,819",INFO,chatbot_sql,54080,generate a chart for active and inactive recipients chart,"SELECT cr.recipient_id, cr.account_id, cr.first_name, cr.preferred_first_name, cr.last_name, cr.email, cr.cellphone, cr.recipient_status, cr.date_added FROM core_recipients cr WHERE cr.account_id = 54080 AND cr.recipient_status IN (0, 1) ORDER BY cr.recipient_id DESC LIMIT 100",ok:recipient_directory,100,Here are the data fetched for your request. I found 100 matching record(s).,,
"2026-07-23 20:53:23,654",INFO,chatbot_sql,54080,generate a chart for active and inactive recipients chart,"SELECT cr.recipient_id, cr.account_id, cr.first_name, cr.preferred_first_name, cr.last_name, cr.email, cr.cellphone, cr.recipient_status, cr.date_added FROM core_recipients cr WHERE cr.account_id = 54080 AND cr.recipient_status IN (0, 1) ORDER BY cr.recipient_id DESC LIMIT 100",ok:recipient_directory,100,Here are the data fetched for your request. I found 100 matching record(s).,,
"2026-07-23 21:01:28,513",INFO,chatbot_sql,54080,generate a chart for active and inactive recipients chart,"SELECT cr.recipient_id, cr.account_id, COALESCE(NULLIF(TRIM(CONCAT_WS(' ', NULLIF(COALESCE(cr.preferred_first_name, cr.first_name), ''), NULLIF(cr.last_name, ''))), ''), NULLIF(cr.email, ''), CONCAT('Recipient ', cr.recipient_id)) AS recipient_name, cr.first_name, cr.preferred_first_name, cr.last_name, cr.email, cr.cellphone, cr.recipient_status, cr.date_added FROM core_recipients cr WHERE cr.account_id = 54080 AND cr.recipient_status IN (0, 1) ORDER BY cr.recipient_id DESC LIMIT 100",ok:recipient_directory,100,Here are the data fetched for your request. I found 100 matching record(s).,,
"2026-07-23 21:09:22,735",INFO,chatbot_sql,54080,generate top 10 maximum packages delivered recipients,"SELECT recipient_name, COUNT(*) AS package_count FROM track_packages WHERE account_id = 54080 AND date_received IS NOT NULL GROUP BY recipient_name ORDER BY package_count DESC LIMIT 10",ok:top_recipients,10,"Here are the recipient package counts (highest first, 10 record(s)).",,
"2026-07-23 21:11:11,076",INFO,chatbot_sql,54080,generate active and inactive status percentages in this account,LAST_CHART_CONTEXT,ok:chart_followup_answered,10,"I can answer chart follow-up questions such as highest, lowest, total, average, trend, chart type, and axis fields.",,
"2026-07-23 21:14:11,295",INFO,chatbot_sql,54080,generate top 10 maximum packages delivered recipients,"SELECT recipient_name, COUNT(*) AS package_count FROM track_packages WHERE account_id = 54080 AND date_received IS NOT NULL GROUP BY recipient_name ORDER BY package_count DESC LIMIT 10",ok:top_recipients,10,"Here are the recipient package counts (highest first, 10 record(s)).",,
"2026-07-23 21:15:12,979",INFO,chatbot_sql,54080,generate total active and inactive status of the recipients percentage in the account,"SELECT recipient_name, COUNT(*) AS package_count FROM track_packages WHERE account_id = 54080 GROUP BY recipient_name ORDER BY package_count DESC LIMIT 100",ok:recipient_wise_count,100,CEO Saephan has the most logged packages with 405 package(s).,,
"2026-07-23 21:18:50,335",INFO,chatbot_sql,54080,generate total active and inactive status of the recipients percentage in the account,"SELECT cr.recipient_id, cr.account_id, COALESCE(NULLIF(TRIM(CONCAT_WS(' ', NULLIF(COALESCE(cr.preferred_first_name, cr.first_name), ''), NULLIF(cr.last_name, ''))), ''), NULLIF(cr.email, ''), CONCAT('Recipient ', cr.recipient_id)) AS recipient_name, cr.first_name, cr.preferred_first_name, cr.last_name, cr.email, cr.cellphone, cr.recipient_status, cr.date_added FROM core_recipients cr WHERE cr.account_id = 54080 AND cr.recipient_status IN (0, 1) ORDER BY cr.recipient_id DESC LIMIT 100",ok:recipient_directory,100,Here are the data fetched for your request. I found 100 matching record(s).,,
"2026-07-23 21:22:47,831",INFO,chatbot_sql,54080,generate total active and inactive status of the recipients percentage in the account,"SELECT cr.recipient_id, cr.account_id, COALESCE(NULLIF(TRIM(CONCAT_WS(' ', NULLIF(COALESCE(cr.preferred_first_name, cr.first_name), ''), NULLIF(cr.last_name, ''))), ''), NULLIF(cr.email, ''), CONCAT('Recipient ', cr.recipient_id)) AS recipient_name, cr.first_name, cr.preferred_first_name, cr.last_name, cr.email, cr.cellphone, cr.recipient_status, cr.date_added FROM core_recipients cr WHERE cr.account_id = 54080 AND cr.recipient_status IN (0, 1) ORDER BY cr.recipient_id DESC LIMIT 100",ok:recipient_directory,100,Here are the data fetched for your request. I found 100 matching record(s).,,
"2026-07-23 21:30:18,105",INFO,chatbot_sql,54080,generate total active and inactive status of the recipients percentage in the account,"SELECT cr.recipient_id, cr.account_id, COALESCE(NULLIF(TRIM(CONCAT_WS(' ', NULLIF(COALESCE(cr.preferred_first_name, cr.first_name), ''), NULLIF(cr.last_name, ''))), ''), NULLIF(cr.email, ''), CONCAT('Recipient ', cr.recipient_id)) AS recipient_name, cr.first_name, cr.preferred_first_name, cr.last_name, cr.email, cr.cellphone, cr.recipient_status, cr.date_added FROM core_recipients cr WHERE cr.account_id = 54080 AND cr.recipient_status IN (0, 1) ORDER BY cr.recipient_id DESC",ok:recipient_directory,5867,Here are the data fetched for your request. I found 5867 matching record(s).,,
"2026-07-23 21:41:09,011",INFO,chatbot_sql,54080,generate total active and inactive status of the recipients percentage in the account,"SELECT cr.recipient_id, cr.account_id, COALESCE(NULLIF(TRIM(CONCAT_WS(' ', NULLIF(COALESCE(cr.preferred_first_name, cr.first_name), ''), NULLIF(cr.last_name, ''))), ''), NULLIF(cr.email, ''), CONCAT('Recipient ', cr.recipient_id)) AS recipient_name, cr.first_name, cr.preferred_first_name, cr.last_name, cr.email, cr.cellphone, cr.recipient_status, cr.date_added FROM core_recipients cr WHERE cr.account_id = 54080 AND cr.recipient_status IN (0, 1) ORDER BY cr.recipient_id DESC",ok:recipient_directory,5867,Here are the data fetched for your request. I found 5867 matching record(s).,,
"2026-07-24 09:29:40,965",INFO,chatbot_sql,54080,generate top 10 maximum packages delivered recipients,"SELECT recipient_name, COUNT(*) AS package_count FROM track_packages WHERE account_id = 54080 AND date_received IS NOT NULL GROUP BY recipient_name ORDER BY package_count DESC",ok:top_recipients,406,"Here are the recipient package counts (highest first, 100 record(s)).",,
"2026-07-24 09:30:20,760",INFO,chatbot_sql,54080,generate top 10 maximum packages delivered recipients in 2026 year,"SELECT recipient_name, COUNT(*) AS package_count FROM track_packages WHERE account_id = 54080 AND date_received IS NOT NULL GROUP BY recipient_name ORDER BY package_count DESC",ok:top_recipients,406,"Here are the recipient package counts (highest first, 100 record(s)).",,
"2026-07-24 09:33:49,162",INFO,chatbot_sql,54080,generate top 10 maximum packages delivered recipients in 2026 year,"SELECT recipient_name, COUNT(*) AS package_count FROM track_packages WHERE account_id = 54080 AND date_received IS NOT NULL AND YEAR(date_received) = 2026 GROUP BY recipient_name ORDER BY package_count DESC LIMIT 10",ok:top_recipients,10,"Here are the recipient package counts (highest first, 10 record(s)).",,
"2026-07-24 09:34:00,873",INFO,chatbot_sql,54080,generate top 10 maximum packages delivered recipients,"SELECT recipient_name, COUNT(*) AS package_count FROM track_packages WHERE account_id = 54080 AND date_received IS NOT NULL GROUP BY recipient_name ORDER BY package_count DESC LIMIT 10",ok:top_recipients,10,"Here are the recipient package counts (highest first, 10 record(s)).",,
"2026-07-24 09:41:24,631",INFO,chatbot_sql,54080,generate top 8 maximum packages delivered recipients,"SELECT recipient_name, COUNT(*) AS package_count FROM track_packages WHERE account_id = 54080 AND date_received IS NOT NULL GROUP BY recipient_name ORDER BY package_count DESC LIMIT 8",ok:top_recipients,8,"Here are the recipient package counts (highest first, 8 record(s)).",,
"2026-07-24 10:30:28,126",INFO,chatbot_sql,54080,generate which carrier delivered maximum packages,SELECT * FROM track_packages WHERE account_id = 54080 AND date_received IS NOT NULL ORDER BY package_id DESC,ok:sql_rows_python,500,The shipping carrier is US Postal Service.,,
"2026-07-24 10:33:13,328",INFO,chatbot_sql,54080,generate which carrier delivered maximum packages,"SELECT shipping_carrier, COUNT(*) AS package_count FROM track_packages WHERE account_id = 54080 AND date_received IS NOT NULL GROUP BY shipping_carrier HAVING COALESCE(shipping_carrier, '') <> '' ORDER BY package_count DESC LIMIT 1",ok:top_carriers,1,"Here are the carrier package counts (highest first, 1 record(s)).",,
"2026-07-24 10:34:08,870",INFO,chatbot_sql,54080,generate shipping carriers data,SELECT tp.shipping_carrier FROM track_packages tp JOIN core_recipients cr ON tp.recipient_id = cr.recipient_id AND tp.account_id = 54080 WHERE tp.account_id = 54080 LIMIT 100,ok:sql_rows_python,100,The shipping carrier is Amazon.,,
"2026-07-24 10:36:33,720",INFO,chatbot_sql,54080,generate which the count of packages delivered by each carrier,"SELECT shipping_carrier, COUNT(*) AS package_count FROM track_packages WHERE account_id = 54080 AND DATE(date_received) = CURDATE() GROUP BY shipping_carrier",insufficient_data,0,No matching package records were found for this account based on your request.,,
"2026-07-24 10:40:26,990",INFO,chatbot_sql,54080,generate the count of packages delivered by the shipping carriers,"SELECT shipping_carrier, COUNT(*) AS package_count FROM track_packages WHERE account_id = 54080 AND date_received IS NOT NULL GROUP BY shipping_carrier HAVING COALESCE(shipping_carrier, '') <> '' ORDER BY package_count DESC LIMIT 100",ok:carrier_wise_count,13,Here are the carrier-wise package counts (13 record(s)).,,
"2026-07-24 10:45:58,346",INFO,chatbot_sql,54080,how many total packages delivered in the year 2025 and 2026,SELECT COUNT(*) AS total_records FROM track_packages WHERE account_id = 54080 AND date_received IS NOT NULL,ok:sql_rows_python,1,The total matching records are 4299.,,
"2026-07-24 10:47:37,620",INFO,chatbot_sql,54080,generate a chart how many total packages delivered in the year 2025 and 2026,"SELECT DATE_FORMAT(date_received, '%Y') AS delivery_year, SUM(CASE WHEN YEAR(date_received) = 2025 THEN 1 ELSE 0 END) AS packages_2025, SUM(CASE WHEN YEAR(date_received) = 2026 THEN 1 ELSE 0 END) AS packages_2026 FROM track_packages WHERE account_id = 54080 GROUP BY DATE_FORMAT(date_received, '%Y')",ok:sql_rows_python,2,The total matching records are 2.,,
"2026-07-24 10:59:55,449",INFO,chatbot_sql,54080,generate a chart how many total packages delivered in the year 2025 and 2026,LAST_CHART_CONTEXT,ok:chart_followup_answered,2,The chart contains 2 plotted data point(s).,,
"2026-07-24 11:01:35,028",INFO,chatbot_sql,54080,generate a chart how many total packages delivered in the year 2025 and 2026,"SELECT YEAR(date_received) AS delivery_year, COUNT(*) AS package_count FROM track_packages WHERE account_id = 54080 AND date_received IS NOT NULL AND YEAR(date_received) IN (2025, 2026) GROUP BY YEAR(date_received) ORDER BY delivery_year",ok:yearly_package_count,2,Here are the yearly delivered package counts (2 record(s)).,,
"2026-07-24 11:03:09,525",INFO,chatbot_sql,54080,generate the top 10 recipients maximum packages delivered,"SELECT recipient_name, COUNT(*) AS package_count FROM track_packages WHERE account_id = 54080 AND date_received IS NOT NULL GROUP BY recipient_name ORDER BY package_count DESC LIMIT 10",ok:top_recipients,10,"Here are the recipient package counts (highest first, 10 record(s)).",,
"2026-07-24 11:04:40,353",INFO,chatbot_sql,54080,give me total percentages of the shipping carriers,SELECT COUNT(*) AS total_records FROM track_packages WHERE account_id = 54080,ok:sql_rows_python,1,Generated chart data with 1 point(s).,,
"2026-07-24 11:05:47,460",INFO,chatbot_sql,54080,generate total percentages of each shipping carrier in this account,"SELECT tp.shipping_carrier AS shipping_carrier, COUNT(*) * 100 / SUM(COUNT(*)) OVER () AS percentage FROM track_packages tp JOIN core_recipients cr ON tp.recipient_id = cr.recipient_id AND tp.account_id = cr.account_id AND cr.account_id = 54080 GROUP BY tp.shipping_carrier",ok:sql_rows_python,12,Generated chart data with 12 point(s).,,
"2026-07-24 11:08:51,267",INFO,chatbot_sql,54080,generate total percentages of each shipping carrier in this account,"SELECT tp.shipping_carrier AS shipping_carrier, CAST(SUM(CASE WHEN tp.account_id = 54080 THEN 1 ELSE 0 END) AS REAL) * 100 / COUNT(tp.tracking_number) AS percentage FROM track_packages tp WHERE tp.account_id = 54080 GROUP BY tp.shipping_carrier",ok:sql_rows_python,13,Generated chart data with 13 point(s).,,
"2026-07-24 11:11:51,717",INFO,chatbot_sql,54080,generate total percentages of each shipping carrier in this account,"SELECT shipping_carrier, ROUND(COUNT(*) * 100.0 / NULLIF(SUM(COUNT(*)) OVER (), 0), 2) AS percentage FROM track_packages WHERE account_id = 54080 GROUP BY shipping_carrier HAVING COALESCE(shipping_carrier, '') <> '' ORDER BY percentage DESC, shipping_carrier ASC",ok:carrier_percentage,13,Generated chart data with 13 point(s).,,
"2026-07-24 11:15:19,958",INFO,chatbot_sql,54080,give me the last 5 months packages data,"SELECT * FROM track_packages WHERE account_id = 54080 AND date_received IS NOT NULL ORDER BY date_received DESC, package_id DESC LIMIT 5",ok:latest_packages,5,Here are the latest package records fetched for your request (5 record(s)).,,
"2026-07-24 11:18:05,700",INFO,chatbot_sql,54080,generate the total package count for each shipping carrier,"SELECT shipping_carrier, COUNT(*) AS package_count FROM track_packages WHERE account_id = 54080 GROUP BY shipping_carrier HAVING COALESCE(shipping_carrier, '') <> '' ORDER BY package_count DESC",ok:carrier_wise_count,13,Here are the carrier-wise package counts (13 record(s)).,,
"2026-07-24 11:18:42,205",INFO,chatbot_sql,54080,generate the total package percentage for each shipping carrier,"SELECT shipping_carrier, COUNT(*) AS package_count FROM track_packages WHERE account_id = 54080 GROUP BY shipping_carrier HAVING COALESCE(shipping_carrier, '') <> '' ORDER BY package_count DESC",ok:carrier_wise_count,13,Here are the carrier-wise package counts (13 record(s)).,,
"2026-07-24 11:19:41,342",INFO,chatbot_sql,54080,generate top 10 maximum packages recieved recipients,"SELECT recipient_name, COUNT(*) AS package_count FROM track_packages WHERE account_id = 54080 GROUP BY recipient_name ORDER BY package_count DESC LIMIT 10",ok:top_recipients,10,"Here are the recipient package counts (highest first, 10 record(s)).",,
"2026-07-24 11:21:07,144",INFO,chatbot_sql,54080,give me total package percentage for each shipping carrier,"SELECT shipping_carrier, COUNT(*) AS package_count FROM track_packages WHERE account_id = 54080 GROUP BY shipping_carrier HAVING COALESCE(shipping_carrier, '') <> '' ORDER BY package_count DESC",ok:carrier_wise_count,13,Here are the carrier-wise package counts (13 record(s)).,,
"2026-07-24 11:21:39,145",INFO,chatbot_sql,54080,top 10 maximum packages recieved recipients in table format,"SELECT recipient_name, COUNT(*) AS package_count FROM track_packages WHERE account_id = 54080 GROUP BY recipient_name ORDER BY package_count DESC LIMIT 10",ok:top_recipients,10,"Here are the recipient package counts (highest first, 10 record(s)).",,
"2026-07-24 11:28:40,867",INFO,chatbot_sql,54080,Share list of recipient who scaneed by OCR ?,"SELECT cr.recipient_id, cr.account_id, COALESCE(NULLIF(TRIM(CONCAT_WS(' ', NULLIF(COALESCE(cr.preferred_first_name, cr.first_name), ''), NULLIF(cr.last_name, ''))), ''), NULLIF(cr.email, ''), CONCAT('Recipient ', cr.recipient_id)) AS recipient_name, cr.first_name, cr.preferred_first_name, cr.last_name, cr.email, cr.cellphone, cr.recipient_status, cr.date_added FROM core_recipients cr WHERE cr.account_id = 54080 ORDER BY cr.recipient_id DESC LIMIT 100",ok:recipient_directory,100,Here are the data fetched for your request (100 record(s)).,,
"2026-07-24 11:29:48,557",INFO,chatbot_sql,54080,Give list of recipients who does not have email and phone number in table format,"SELECT cr.recipient_id, cr.account_id, COALESCE(NULLIF(TRIM(CONCAT_WS(' ', NULLIF(COALESCE(cr.preferred_first_name, cr.first_name), ''), NULLIF(cr.last_name, ''))), ''), NULLIF(cr.email, ''), CONCAT('Recipient ', cr.recipient_id)) AS recipient_name, cr.first_name, cr.preferred_first_name, cr.last_name, cr.email, cr.cellphone, cr.recipient_status, cr.date_added FROM core_recipients cr WHERE cr.account_id = 54080 AND COALESCE(cr.email, '') <> '' AND COALESCE(cr.cellphone, '') <> '' ORDER BY cr.recipient_id DESC LIMIT 100",recipient_template_no_rows,0,No matching package records were found for this account based on your request.,,
"2026-07-24 11:30:10,390",INFO,chatbot_sql,54080,Give list of recipients who does not have email or phone number in table format,"SELECT cr.recipient_id, cr.account_id, COALESCE(NULLIF(TRIM(CONCAT_WS(' ', NULLIF(COALESCE(cr.preferred_first_name, cr.first_name), ''), NULLIF(cr.last_name, ''))), ''), NULLIF(cr.email, ''), CONCAT('Recipient ', cr.recipient_id)) AS recipient_name, cr.first_name, cr.preferred_first_name, cr.last_name, cr.email, cr.cellphone, cr.recipient_status, cr.date_added FROM core_recipients cr WHERE cr.account_id = 54080 AND COALESCE(cr.email, '') <> '' AND COALESCE(cr.cellphone, '') <> '' ORDER BY cr.recipient_id DESC LIMIT 100",recipient_template_no_rows,0,No matching package records were found for this account based on your request.,,
"2026-07-24 11:53:06,231",INFO,chatbot_sql,54080,Give list of recipients who does not have email or phone number in table format,"SELECT cr.recipient_id, cr.account_id, COALESCE(NULLIF(TRIM(CONCAT_WS(' ', NULLIF(COALESCE(cr.preferred_first_name, cr.first_name), ''), NULLIF(cr.last_name, ''))), ''), NULLIF(cr.email, ''), CONCAT('Recipient ', cr.recipient_id)) AS recipient_name, cr.first_name, cr.preferred_first_name, cr.last_name, cr.email, cr.cellphone, cr.recipient_status, cr.date_added FROM core_recipients cr WHERE cr.account_id = 54080 AND NULLIF(TRIM(COALESCE(cr.email, '')), '') IS NOT NULL AND NULLIF(TRIM(COALESCE(cr.cellphone, '')), '') IS NOT NULL ORDER BY cr.recipient_id DESC LIMIT 100",recipient_template_no_rows,0,No matching package records were found for this account based on your request.,,
"2026-07-24 13:52:13,219",INFO,chatbot_sql,54080,generate the percentage chart for active and inactive recipient status,"SELECT cr.recipient_id, cr.account_id, COALESCE(NULLIF(TRIM(CONCAT_WS(' ', NULLIF(COALESCE(cr.preferred_first_name, cr.first_name), ''), NULLIF(cr.last_name, ''))), ''), NULLIF(cr.email, ''), CONCAT('Recipient ', cr.recipient_id)) AS recipient_name, cr.first_name, cr.preferred_first_name, cr.last_name, cr.email, cr.cellphone, cr.recipient_status, cr.date_added FROM core_recipients cr WHERE cr.account_id = 54080 AND cr.recipient_status IN (0, 1) ORDER BY cr.recipient_id DESC",ok:recipient_directory,5867,Generated chart data with 5867 point(s).,,
"2026-07-24 13:53:56,836",INFO,chatbot_sql,54080,list the recipient names who are not having both cellphone and email,"SELECT cr.recipient_id, cr.account_id, COALESCE(NULLIF(TRIM(CONCAT_WS(' ', NULLIF(COALESCE(cr.preferred_first_name, cr.first_name), ''), NULLIF(cr.last_name, ''))), ''), NULLIF(cr.email, ''), CONCAT('Recipient ', cr.recipient_id)) AS recipient_name, cr.first_name, cr.preferred_first_name, cr.last_name, cr.email, cr.cellphone, cr.recipient_status, cr.date_added FROM core_recipients cr WHERE cr.account_id = 54080 AND NULLIF(TRIM(COALESCE(cr.email, '')), '') IS NOT NULL AND NULLIF(TRIM(COALESCE(cr.cellphone, '')), '') IS NOT NULL ORDER BY cr.recipient_id DESC LIMIT 100",recipient_template_no_rows,0,No matching package records were found for this account based on your request.,,
"2026-07-24 15:36:06,754",INFO,chatbot_sql,54080,generate top 10 packages recieved by the recipients,"SELECT recipient_name, COUNT(*) AS package_count FROM track_packages WHERE account_id = 54080 GROUP BY recipient_name ORDER BY package_count DESC LIMIT 10",ok:top_recipients,10,"Here are the recipient package counts (highest first, 10 record(s)).",,
"2026-07-24 15:38:03,620",INFO,chatbot_sql,54080,i want the same data in the table format,SELECT * FROM track_packages WHERE account_id = 54080 ORDER BY package_id DESC LIMIT 100,ok:sql_rows_python,100,Here are the data fetched for your request (100 record(s)).,,
"2026-07-27 10:26:23,658",INFO,chatbot_sql,54080,what are the packages delivered in last 5 months,"SELECT * FROM track_packages WHERE account_id = 54080 AND date_received IS NOT NULL ORDER BY date_received DESC, package_id DESC LIMIT 5",ok:latest_packages,5,Here are the latest package records fetched for your request (5 record(s)).,,
"2026-07-27 10:39:30,860",INFO,chatbot_sql,54080,what are the packages delivered in last 5 months,"SELECT * FROM track_packages WHERE account_id = 54080 AND date_received IS NOT NULL AND date_received >= DATE_SUB(CURDATE(), INTERVAL 5 MONTH) ORDER BY date_received DESC, package_id DESC",ok:latest_packages,1518,Here are the package records fetched for last 5 months (100 record(s)).,,
"2026-07-27 10:40:19,781",INFO,chatbot_sql,54080,generate the total packages count in 2025 and 2026,"SELECT YEAR(date_received) AS delivery_year, COUNT(*) AS package_count FROM track_packages WHERE account_id = 54080 AND date_received IS NOT NULL AND YEAR(date_received) IN (2025, 2026) GROUP BY YEAR(date_received) ORDER BY delivery_year",ok:yearly_package_count,2,Generated chart data with 2 point(s).,,
"2026-07-27 10:43:01,952",INFO,chatbot_sql,54080,generate the total packages count in 2025 and 2026,"SELECT YEAR(date_received) AS delivery_year, COUNT(*) AS package_count FROM track_packages WHERE account_id = 54080 AND date_received IS NOT NULL AND YEAR(date_received) IN (2025, 2026) GROUP BY YEAR(date_received) ORDER BY delivery_year",ok:yearly_package_count,2,Generated chart data with 2 point(s).,,
"2026-07-27 10:49:44,437",INFO,chatbot_sql,54080,generate the total packages count in 2025 and 2026,"SELECT YEAR(date_received) AS delivery_year, COUNT(*) AS package_count FROM track_packages WHERE account_id = 54080 AND date_received IS NOT NULL AND YEAR(date_received) IN (2025, 2026) GROUP BY YEAR(date_received) ORDER BY delivery_year",ok:yearly_package_count,2,"I could not render a chart for this request, so here is the data in table format (2 record(s)).",,
"2026-07-27 10:50:10,723",INFO,chatbot_sql,54080,generate a bar chart for total packages count in 2025 and 2026,"SELECT YEAR(date_received) AS delivery_year, COUNT(*) AS package_count FROM track_packages WHERE account_id = 54080 AND date_received IS NOT NULL AND YEAR(date_received) IN (2025, 2026) GROUP BY YEAR(date_received) ORDER BY delivery_year",ok:yearly_package_count,2,Generated chart data with 2 point(s).,,
"2026-07-27 10:56:18,409",INFO,chatbot_sql,54080,generate a bar chart for total packages count in 2025 and 2026,"SELECT YEAR(date_received) AS delivery_year, COUNT(*) AS package_count FROM track_packages WHERE account_id = 54080 AND date_received IS NOT NULL AND YEAR(date_received) IN (2025, 2026) GROUP BY YEAR(date_received) ORDER BY delivery_year",ok:yearly_package_count,2,Generated chart data with 2 point(s).,,
"2026-07-27 11:01:22,708",INFO,chatbot_sql,54080,generate a bar chart for total packages count in 2025 and 2026,"SELECT YEAR(date_received) AS delivery_year, COUNT(*) AS package_count FROM track_packages WHERE account_id = 54080 AND date_received IS NOT NULL AND YEAR(date_received) IN (2025, 2026) GROUP BY YEAR(date_received) ORDER BY delivery_year",ok:yearly_package_count,2,Generated chart data with 2 point(s).,,
"2026-07-27 11:02:49,141",INFO,chatbot_sql,54080,what is the last date package delivered?,"SELECT * FROM track_packages WHERE account_id = 54080 AND date_received IS NOT NULL ORDER BY date_received DESC, package_id DESC LIMIT 10",ok:latest_packages,10,Here are the latest package records fetched for your request (10 record(s)).,,
"2026-07-27 11:17:41,755",INFO,chatbot_sql,54080,GIVE ME TOP 10  RECIPIENTS RECIEVED PACKAGES PERCENTAGES,"SELECT recipient_name, COUNT(*) AS package_count FROM track_packages WHERE account_id = 54080 GROUP BY recipient_name ORDER BY package_count DESC LIMIT 10",ok:top_recipients,10,"Here are the recipient package counts (highest first, 10 record(s)).",,
"2026-07-27 11:19:52,067",INFO,chatbot_sql,54080,give me empty cellphone and email recipients names,"SELECT cr.recipient_id, cr.account_id, COALESCE(NULLIF(TRIM(CONCAT_WS(' ', NULLIF(COALESCE(cr.preferred_first_name, cr.first_name), ''), NULLIF(cr.last_name, ''))), ''), NULLIF(cr.email, ''), CONCAT('Recipient ', cr.recipient_id)) AS recipient_name, cr.first_name, cr.preferred_first_name, cr.last_name, cr.email, cr.cellphone, cr.recipient_status, cr.date_added FROM core_recipients cr WHERE cr.account_id = 54080 AND NULLIF(TRIM(COALESCE(cr.email, '')), '') IS NOT NULL AND NULLIF(TRIM(COALESCE(cr.cellphone, '')), '') IS NOT NULL ORDER BY cr.recipient_id DESC LIMIT 100",recipient_template_no_rows,0,No matching package records were found for this account based on your request.,,
"2026-07-27 11:22:16,845",INFO,chatbot_sql,54080,give me empty cellphone and email recipients names,"SELECT cr.recipient_id, cr.account_id, COALESCE(NULLIF(TRIM(CONCAT_WS(' ', NULLIF(COALESCE(cr.preferred_first_name, cr.first_name), ''), NULLIF(cr.last_name, ''))), ''), NULLIF(cr.email, ''), CONCAT('Recipient ', cr.recipient_id)) AS recipient_name, cr.first_name, cr.preferred_first_name, cr.last_name, cr.email, cr.cellphone, cr.recipient_status, cr.date_added FROM core_recipients cr WHERE cr.account_id = 54080 AND (NULLIF(TRIM(COALESCE(cr.email, '')), '') IS NULL AND NULLIF(TRIM(COALESCE(cr.cellphone, '')), '') IS NULL) ORDER BY cr.recipient_id DESC LIMIT 100",ok:recipient_directory,4,Here are the data fetched for your request. I found 4 matching record(s).,,
"2026-07-27 11:22:59,204",INFO,chatbot_sql,54080,give me empty cellphone recipients names,"SELECT cr.recipient_id, cr.account_id, COALESCE(NULLIF(TRIM(CONCAT_WS(' ', NULLIF(COALESCE(cr.preferred_first_name, cr.first_name), ''), NULLIF(cr.last_name, ''))), ''), NULLIF(cr.email, ''), CONCAT('Recipient ', cr.recipient_id)) AS recipient_name, cr.first_name, cr.preferred_first_name, cr.last_name, cr.email, cr.cellphone, cr.recipient_status, cr.date_added FROM core_recipients cr WHERE cr.account_id = 54080 AND NULLIF(TRIM(COALESCE(cr.cellphone, '')), '') IS NULL ORDER BY cr.recipient_id DESC LIMIT 100",ok:recipient_directory,100,Here are the data fetched for your request. I found 100 matching record(s).,,
"2026-07-27 12:23:43,194",INFO,chatbot_sql,54080,what is syta saephan cc number?,SELECT * FROM track_packages WHERE account_id = 54080 ORDER BY package_id DESC LIMIT 100,ok:sql_rows_python,100,Here are the data fetched for your request. I found 100 matching record(s).,,
"2026-07-27 13:59:19,708",INFO,chatbot_sql,54080,what is syta saephan cc number?,SELECT * FROM track_packages WHERE account_id = 54080 ORDER BY package_id DESC LIMIT 100,ok:sql_rows_python,100,Here are the data fetched for your request. I found 100 matching record(s).,,
"2026-07-27 14:05:56,275",INFO,chatbot_sql,54080,generate top 10 maximum packages delivered recipients,SELECT * FROM track_packages WHERE account_id = 54080 AND date_received IS NOT NULL ORDER BY package_id DESC,ok:sql_rows_python,500,Generated chart data with 12 point(s).,,
"2026-07-27 14:37:46,045",INFO,chatbot_sql,54080,"Top 10 recipients by delivered packages for my account, table output.","SELECT COALESCE(NULLIF(TRIM(CONCAT_WS(' ', NULLIF(COALESCE(cr.preferred_first_name, cr.first_name), ''), NULLIF(cr.last_name, ''))), ''), NULLIF(TRIM(tp.recipient_name), ''), NULLIF(cr.email, ''), CONCAT('Recipient ', tp.recipient_id)) AS recipient_name, tp.recipient_id, COUNT(*) AS package_count FROM track_packages tp LEFT JOIN core_recipients cr ON tp.recipient_id = cr.recipient_id AND tp.account_id = cr.account_id WHERE tp.account_id = 54080 AND tp.date_received IS NOT NULL GROUP BY tp.recipient_id, recipient_name ORDER BY package_count DESC, recipient_name ASC LIMIT 10",ok:top_recipients,10,"Here are the recipient package counts (highest first, 10 record(s)).",,
"2026-07-27 14:38:07,724",INFO,chatbot_sql,54080,"Top 10 recipients by delivered packages for my account, bar chart.","SELECT COALESCE(NULLIF(TRIM(CONCAT_WS(' ', NULLIF(COALESCE(cr.preferred_first_name, cr.first_name), ''), NULLIF(cr.last_name, ''))), ''), NULLIF(TRIM(tp.recipient_name), ''), NULLIF(cr.email, ''), CONCAT('Recipient ', tp.recipient_id)) AS recipient_name, tp.recipient_id, COUNT(*) AS package_count FROM track_packages tp LEFT JOIN core_recipients cr ON tp.recipient_id = cr.recipient_id AND tp.account_id = cr.account_id WHERE tp.account_id = 54080 AND tp.date_received IS NOT NULL GROUP BY tp.recipient_id, recipient_name ORDER BY package_count DESC, recipient_name ASC",ok:top_recipients,869,"Here are the recipient package counts (highest first, 100 record(s)).",,
"2026-07-27 14:45:41,403",INFO,chatbot_sql,54080,give me account billing details of this account,SELECT * FROM core_account_billing WHERE account_id = 54080 LIMIT 100;,ok:sql_rows_python,1,The total matching records are 1.,,
"2026-07-27 14:52:07,876",INFO,chatbot_sql,54080,give me account billing details of this account,SELECT * FROM core_account_billing WHERE account_id = 54080 LIMIT 100,ok:sql_rows_python,1,The total matching records are 1.,,
"2026-07-27 14:53:52,720",INFO,chatbot_sql,54080,give me account billing details of this account in table format,SELECT * FROM core_account_billing AS ab WHERE ab.account_id = 54080 LIMIT 100,ok:sql_rows_python,1,The total matching records are 1.,,
"2026-07-27 14:57:44,252",INFO,chatbot_sql,54080,give me account billing details of this account in table format,SELECT * FROM core_account_billing WHERE account_id = 54080 LIMIT 100,ok:sql_rows_python,1,The total matching records are 1.,,
"2026-07-27 15:01:43,497",INFO,chatbot_sql,54080,give me account billing details of this account in table format,SELECT * FROM core_account_billing WHERE account_id = 54080 LIMIT 100,ok:sql_rows_python,1,The total matching records are 1.,,
"2026-07-27 15:06:58,897",INFO,chatbot_sql,54080,give me account billing details of this account in table format,SELECT COUNT(*) AS total_records FROM core_account_billing WHERE account_id = 54080,ok:sql_rows_python,1,The total matching records are 1.,,
"2026-07-27 15:10:32,020",INFO,chatbot_sql,54080,give me account billing details of this account in table format,SELECT * FROM core_account_billing WHERE account_id = 54080 LIMIT 100,ok:sql_rows_python,1,The total matching records are 1.,,
"2026-07-27 15:14:30,958",INFO,chatbot_sql,54080,generate a bar chart of maximum packages delivered by shipping carriers,SELECT * FROM track_packages WHERE account_id = 54080 AND date_received IS NOT NULL ORDER BY package_id DESC,ok:sql_rows_python,500,Generated chart data with 120 point(s).,,
"2026-07-27 15:17:53,909",INFO,chatbot_sql,54080,generate a bar chart of maximum packages delivered by shipping carriers,"SELECT shipping_carrier, COUNT(*) AS package_count FROM track_packages WHERE account_id = 54080 AND date_received IS NOT NULL GROUP BY shipping_carrier HAVING COALESCE(shipping_carrier, '') <> '' ORDER BY package_count DESC",ok:sql_rows_python,10,Generated chart data with 10 point(s).,,
"2026-07-27 15:26:58,252",INFO,chatbot_sql,54080,generate a bar chart of maximum packages delivered by shipping carriers,"SELECT shipping_carrier, COUNT(*) AS package_count FROM track_packages WHERE account_id = 54080 AND date_received IS NOT NULL GROUP BY shipping_carrier HAVING COALESCE(shipping_carrier, '') <> '' ORDER BY package_count DESC LIMIT 1",ok:sql_rows_python,1,"I could not render a chart for this request, so here is the data in table format (1 record(s)).",,
"2026-07-27 15:31:26,960",INFO,chatbot_sql,54080,enerate a bar chart of maximum packages delivered by shipping carriers,"SELECT shipping_carrier, COUNT(*) AS package_count FROM track_packages WHERE account_id = 54080 AND date_received IS NOT NULL GROUP BY shipping_carrier HAVING COALESCE(shipping_carrier, '') <> '' ORDER BY package_count DESC LIMIT 1",ok:sql_rows_python,1,*** has the most delivered packages with 758 package(s).,,
"2026-07-27 15:33:31,339",INFO,chatbot_sql,54080,generate a bar chart of maximum packages delivered by shipping carriers,"SELECT shipping_carrier, COUNT(*) AS package_count FROM track_packages WHERE account_id = 54080 AND date_received IS NOT NULL GROUP BY shipping_carrier HAVING COALESCE(shipping_carrier, '') <> '' ORDER BY package_count DESC LIMIT 1",ok:sql_rows_python,1,"I could not render a chart for this request, so here is the data in table format (1 record(s)).",,
"2026-07-27 15:35:15,059",INFO,chatbot_sql,54080,generate a bar chart of total packages delivered by each shipping carriers,"SELECT shipping_carrier, COUNT(*) AS package_count FROM track_packages WHERE account_id = 54080 AND date_received IS NOT NULL GROUP BY shipping_carrier HAVING COALESCE(shipping_carrier, '') <> '' ORDER BY package_count DESC",ok:sql_rows_python,10,Generated chart data with 10 point(s).,,
"2026-07-27 15:37:45,700",INFO,chatbot_sql,54080,generate a bar chart of total packages delivered by each shipping carriers,"SELECT shipping_carrier, COUNT(*) AS package_count FROM track_packages WHERE account_id = 54080 AND date_received IS NOT NULL GROUP BY shipping_carrier HAVING COALESCE(shipping_carrier, '') <> '' ORDER BY package_count DESC",ok:sql_rows_python,10,Generated chart data with 10 point(s).,,
"2026-07-27 15:45:01,434",INFO,chatbot_sql,54080,generate a bar chart of total packages delivered by each shipping carriers,"SELECT shipping_carrier, COUNT(*) AS package_count FROM track_packages WHERE account_id = 54080 AND date_received IS NOT NULL GROUP BY shipping_carrier HAVING COALESCE(shipping_carrier, '') <> '' ORDER BY package_count DESC",ok:sql_rows_python,10,Generated chart data with 10 point(s).,,
"2026-07-27 15:51:45,188",INFO,chatbot_sql,54080,generate a pie chart of total percentage of packages delivered by each shipping carriers,"SELECT shipping_carrier, COUNT(*) AS package_count, ROUND(COUNT(*) * 100.0 / NULLIF(SUM(COUNT(*)) OVER (), 0), 2) AS percentage FROM track_packages WHERE account_id = 54080 AND date_received IS NOT NULL GROUP BY shipping_carrier HAVING COALESCE(shipping_carrier, '') <> '' ORDER BY percentage DESC, shipping_carrier ASC",ok:sql_rows_python,10,Generated chart data with 10 point(s).,,
"2026-07-27 15:59:06,179",INFO,chatbot_sql,54080,generate a pie chart of total percentage of packages delivered by each shipping carriers,"SELECT shipping_carrier, COUNT(*) AS package_count, ROUND(COUNT(*) * 100.0 / NULLIF(SUM(COUNT(*)) OVER (), 0), 2) AS percentage FROM track_packages WHERE account_id = 54080 AND date_received IS NOT NULL GROUP BY shipping_carrier HAVING COALESCE(shipping_carrier, '') <> '' ORDER BY percentage DESC, shipping_carrier ASC",ok:sql_rows_python,10,Generated chart data with 10 point(s).,,
"2026-07-27 15:59:57,595",INFO,chatbot_sql,54080,generate a pie chart of total percentage of packages delivered by each shipping carriers,"SELECT shipping_carrier, COUNT(*) AS package_count, ROUND(COUNT(*) * 100.0 / NULLIF(SUM(COUNT(*)) OVER (), 0), 2) AS percentage FROM track_packages WHERE account_id = 54080 AND date_received IS NOT NULL GROUP BY shipping_carrier HAVING COALESCE(shipping_carrier, '') <> '' ORDER BY percentage DESC, shipping_carrier ASC",ok:sql_rows_python,10,Generated chart data with 10 point(s).,,
"2026-07-27 16:01:31,832",INFO,chatbot_sql,54080,generate a pie chart of total percentage of packages delivered by each shipping carriers,"SELECT shipping_carrier, COUNT(*) AS package_count, ROUND(COUNT(*) * 100.0 / NULLIF(SUM(COUNT(*)) OVER (), 0), 2) AS percentage FROM track_packages WHERE account_id = 54080 AND date_received IS NOT NULL GROUP BY shipping_carrier HAVING COALESCE(shipping_carrier, '') <> '' ORDER BY percentage DESC, shipping_carrier ASC",ok:sql_rows_python,10,Generated chart data with 10 point(s).,,
"2026-07-27 16:02:19,578",INFO,chatbot_sql,54080,generate a pie chart of total percentage of packages delivered by each shipping carriers,"SELECT shipping_carrier, COUNT(*) AS package_count, ROUND(COUNT(*) * 100.0 / NULLIF(SUM(COUNT(*)) OVER (), 0), 2) AS percentage FROM track_packages WHERE account_id = 54080 AND date_received IS NOT NULL GROUP BY shipping_carrier HAVING COALESCE(shipping_carrier, '') <> '' ORDER BY percentage DESC, shipping_carrier ASC",ok:sql_rows_python,10,Generated chart data with 10 point(s).,,
"2026-07-27 16:07:47,176",INFO,chatbot_sql,54080,generate a pie chart of total percentage of packages delivered by each shipping carriers,"SELECT shipping_carrier, COUNT(*) AS package_count, ROUND(COUNT(*) * 100.0 / NULLIF(SUM(COUNT(*)) OVER (), 0), 2) AS percentage FROM track_packages WHERE account_id = 54080 AND date_received IS NOT NULL GROUP BY shipping_carrier HAVING COALESCE(shipping_carrier, '') <> '' ORDER BY percentage DESC, shipping_carrier ASC",ok:sql_rows_python,10,Generated chart data with 10 point(s).,,
"2026-07-27 16:08:30,421",INFO,chatbot_sql,54080,generate a pie chart of total percentage of packages delivered by each shipping carriers,"SELECT shipping_carrier, COUNT(*) AS package_count, ROUND(COUNT(*) * 100.0 / NULLIF(SUM(COUNT(*)) OVER (), 0), 2) AS percentage FROM track_packages WHERE account_id = 54080 AND date_received IS NOT NULL GROUP BY shipping_carrier HAVING COALESCE(shipping_carrier, '') <> '' ORDER BY percentage DESC, shipping_carrier ASC",ok:sql_rows_python,10,Generated chart data with 10 point(s).,,
"2026-07-27 16:15:52,283",INFO,chatbot_sql,54080,generate a pie chart of total percentage of packages delivered by each shipping carriers,"SELECT shipping_carrier, COUNT(*) AS package_count, ROUND(COUNT(*) * 100.0 / NULLIF(SUM(COUNT(*)) OVER (), 0), 2) AS percentage FROM track_packages WHERE account_id = 54080 AND date_received IS NOT NULL GROUP BY shipping_carrier HAVING COALESCE(shipping_carrier, '') <> '' ORDER BY percentage DESC, shipping_carrier ASC",ok:sql_rows_python,10,Generated chart data with 10 point(s).,,
"2026-07-27 16:15:53,250",INFO,chatbot_sql,54080,generate a pie chart of total percentage of packages delivered by each shipping carriers,"SELECT shipping_carrier, COUNT(*) AS package_count, ROUND(COUNT(*) * 100.0 / NULLIF(SUM(COUNT(*)) OVER (), 0), 2) AS percentage FROM track_packages WHERE account_id = 54080 AND date_received IS NOT NULL GROUP BY shipping_carrier HAVING COALESCE(shipping_carrier, '') <> '' ORDER BY percentage DESC, shipping_carrier ASC",ok:sql_rows_python,10,Generated chart data with 10 point(s).,,
"2026-07-27 16:18:36,818",INFO,chatbot_sql,54080,show latest 5 records in table format,SELECT * FROM track_packages WHERE account_id = 54080 ORDER BY package_id DESC LIMIT 100,ok:sql_rows_python,5,Here are the data fetched for your request (5 record(s)).,,
"2026-07-27 16:19:06,158",INFO,chatbot_sql,54080,what is the carrier,SELECT * FROM track_packages WHERE account_id = 54080 ORDER BY package_id DESC LIMIT 100,ok:sql_rows_python,100,The shipping carrier is Amazon.,,
"2026-07-27 16:19:08,824",INFO,chatbot_sql,54080,generate a pie chart of total percentage of packages delivered by each shipping carriers,"SELECT shipping_carrier, COUNT(*) AS package_count, ROUND(COUNT(*) * 100.0 / NULLIF(SUM(COUNT(*)) OVER (), 0), 2) AS percentage FROM track_packages WHERE account_id = 54080 AND date_received IS NOT NULL GROUP BY shipping_carrier HAVING COALESCE(shipping_carrier, '') <> '' ORDER BY percentage DESC, shipping_carrier ASC",ok:sql_rows_python,10,Generated chart data with 10 point(s).,,
"2026-07-27 16:19:27,391",INFO,chatbot_sql,54080,show latest 5 records in table format,SELECT * FROM track_packages WHERE account_id = 54080 ORDER BY package_id DESC LIMIT 100,ok:sql_rows_python,5,Here are the data fetched for your request (5 record(s)).,,
"2026-07-27 16:20:22,271",INFO,chatbot_sql,54080,show latest 5 records in table format,SELECT * FROM track_packages WHERE account_id = 54080 ORDER BY date_received DESC LIMIT 5,ok:sql_rows_python,5,Here are the data fetched for your request (5 record(s)).,,
"2026-07-27 16:20:23,100",INFO,chatbot_sql,54080,what is the carrier,SELECT * FROM track_packages WHERE account_id = 54080 ORDER BY date_received DESC LIMIT 100,ok:sql_rows_python,100,The shipping carrier is Amazon.,,
"2026-07-27 16:20:24,723",INFO,chatbot_sql,54080,generate a pie chart of total percentage of packages delivered by each shipping carriers,"SELECT shipping_carrier, COUNT(*) AS package_count, ROUND(COUNT(*) * 100.0 / NULLIF(SUM(COUNT(*)) OVER (), 0), 2) AS percentage FROM track_packages WHERE account_id = 54080 AND date_received IS NOT NULL GROUP BY shipping_carrier HAVING COALESCE(shipping_carrier, '') <> '' ORDER BY percentage DESC, shipping_carrier ASC",ok:sql_rows_python,10,Generated chart data with 10 point(s).,,
"2026-07-27 16:20:25,054",INFO,chatbot_sql,54080,show latest 5 records in table format,SELECT * FROM track_packages WHERE account_id = 54080 ORDER BY date_received DESC LIMIT 5,ok:sql_rows_python,5,Here are the data fetched for your request (5 record(s)).,,
"2026-07-27 16:20:25,668",INFO,chatbot_sql,54080,what is the carrier,SELECT * FROM track_packages WHERE account_id = 54080 ORDER BY date_received DESC LIMIT 100,ok:sql_rows_python,100,The shipping carrier is Amazon.,,
"2026-07-27 16:21:46,306",INFO,chatbot_sql,54080,generate a pie chart of total percentage of packages delivered by each shipping carriers,"SELECT shipping_carrier, COUNT(*) AS package_count, ROUND(COUNT(*) * 100.0 / NULLIF(SUM(COUNT(*)) OVER (), 0), 2) AS percentage FROM track_packages WHERE account_id = 54080 AND date_received IS NOT NULL GROUP BY shipping_carrier HAVING COALESCE(shipping_carrier, '') <> '' ORDER BY percentage DESC, shipping_carrier ASC",ok:sql_rows_python,10,Generated chart data with 10 point(s).,,
"2026-07-27 16:25:09,007",INFO,chatbot_sql,54080,generate a pie chart of total percentage of packages delivered by each shipping carriers,"SELECT shipping_carrier, COUNT(*) AS package_count, ROUND(COUNT(*) * 100.0 / NULLIF(SUM(COUNT(*)) OVER (), 0), 2) AS percentage FROM track_packages WHERE account_id = 54080 AND date_received IS NOT NULL GROUP BY shipping_carrier HAVING COALESCE(shipping_carrier, '') <> '' ORDER BY percentage DESC, shipping_carrier ASC",ok:sql_rows_python,10,Generated chart data with 10 point(s).,,
"2026-07-27 16:26:24,265",INFO,chatbot_sql,54080,generate top 10 maximum packages received recipients in bar chart,"SELECT COALESCE(NULLIF(TRIM(CONCAT_WS(' ', NULLIF(COALESCE(cr.preferred_first_name, cr.first_name), ''), NULLIF(cr.last_name, ''))), ''), NULLIF(TRIM(tp.recipient_name), ''), NULLIF(cr.email, ''), CONCAT('Recipient ', tp.recipient_id)) AS recipient_name, tp.recipient_id, COUNT(*) AS package_count FROM track_packages tp LEFT JOIN core_recipients cr ON tp.recipient_id = cr.recipient_id AND tp.account_id = cr.account_id WHERE tp.account_id = 54080 GROUP BY tp.recipient_id, recipient_name ORDER BY package_count DESC, recipient_name ASC LIMIT 10",ok:top_recipients,10,"Here are the recipient package counts (highest first, 10 record(s)).",,
"2026-07-27 16:28:29,801",INFO,chatbot_sql,54080,give me the list of account billing data in table,SELECT * FROM core_account_billing WHERE account_id = 54080 LIMIT 100,ok:sql_rows_python,1,The total matching records are 1.,,
"2026-07-27 16:33:33,682",INFO,chatbot_sql,54080,give me list of recipient names who have cellphone empty,"SELECT cr.recipient_id, cr.account_id, COALESCE(NULLIF(TRIM(CONCAT_WS(' ', NULLIF(COALESCE(cr.preferred_first_name, cr.first_name), ''), NULLIF(cr.last_name, ''))), ''), NULLIF(cr.email, ''), CONCAT('Recipient ', cr.recipient_id)) AS recipient_name, cr.first_name, cr.preferred_first_name, cr.last_name, cr.email, cr.cellphone, cr.recipient_status, cr.date_added FROM core_recipients cr WHERE cr.account_id = 54080 AND NULLIF(TRIM(COALESCE(cr.cellphone, '')), '') IS NOT NULL ORDER BY cr.recipient_id DESC LIMIT 100",recipient_template_no_rows,0,No matching recipient records were found for this account based on your request.,,
"2026-07-27 16:34:43,580",INFO,chatbot_sql,54080,give me a list of recipients who have email address are null or empty in table format,"SELECT cr.recipient_id, cr.account_id, COALESCE(NULLIF(TRIM(CONCAT_WS(' ', NULLIF(COALESCE(cr.preferred_first_name, cr.first_name), ''), NULLIF(cr.last_name, ''))), ''), NULLIF(cr.email, ''), CONCAT('Recipient ', cr.recipient_id)) AS recipient_name, cr.first_name, cr.preferred_first_name, cr.last_name, cr.email, cr.cellphone, cr.recipient_status, cr.date_added FROM core_recipients cr WHERE cr.account_id = 54080 AND NULLIF(TRIM(COALESCE(cr.email, '')), '') IS NOT NULL ORDER BY cr.recipient_id DESC LIMIT 100",ok:recipient_directory,100,Here are the data fetched for your request (100 record(s)).,,
"2026-07-27 16:36:14,924",INFO,chatbot_sql,54080,how many users login today ?,SELECT COUNT(DISTINCT recipient_id) AS total_records FROM core_recipients WHERE account_id = 54080,ok:recipient_count,1,The total matching records are 5867.,,
"2026-07-27 16:37:00,133",INFO,chatbot_sql,54080,Give me top 10 recipients list as package delivered ?,"SELECT COALESCE(NULLIF(TRIM(CONCAT_WS(' ', NULLIF(COALESCE(cr.preferred_first_name, cr.first_name), ''), NULLIF(cr.last_name, ''))), ''), NULLIF(TRIM(tp.recipient_name), ''), NULLIF(cr.email, ''), CONCAT('Recipient ', tp.recipient_id)) AS recipient_name, tp.recipient_id, COUNT(*) AS package_count FROM track_packages tp LEFT JOIN core_recipients cr ON tp.recipient_id = cr.recipient_id AND tp.account_id = cr.account_id WHERE tp.account_id = 54080 AND tp.date_received IS NOT NULL GROUP BY tp.recipient_id, recipient_name ORDER BY package_count DESC, recipient_name ASC LIMIT 10",ok:top_recipients,10,"Here are the recipient package counts (highest first, 10 record(s)).",,
"2026-07-27 16:37:30,486",INFO,chatbot_sql,54080,give me count of active recipients ?,SELECT COUNT(DISTINCT recipient_id) AS total_records FROM core_recipients WHERE account_id = 54080 AND recipient_status IN (1),ok:recipient_count,1,The total matching records are 5853.,,
"2026-07-27 16:37:47,915",INFO,chatbot_sql,54080,Give me list of recipients who does not have phone number,"SELECT cr.recipient_id, cr.account_id, COALESCE(NULLIF(TRIM(CONCAT_WS(' ', NULLIF(COALESCE(cr.preferred_first_name, cr.first_name), ''), NULLIF(cr.last_name, ''))), ''), NULLIF(cr.email, ''), CONCAT('Recipient ', cr.recipient_id)) AS recipient_name, cr.first_name, cr.preferred_first_name, cr.last_name, cr.email, cr.cellphone, cr.recipient_status, cr.date_added FROM core_recipients cr WHERE cr.account_id = 54080 AND NULLIF(TRIM(COALESCE(cr.cellphone, '')), '') IS NULL ORDER BY cr.recipient_id DESC LIMIT 100",ok:recipient_directory,100,Here are the data fetched for your request (100 record(s)).,,
"2026-07-27 16:38:32,968",INFO,chatbot_sql,54080,What is OCR success rate ?,SELECT * FROM core_account_billing WHERE account_id = 54080 LIMIT 100,ok:sql_rows_python,1,Here are the data fetched for your request. I found 1 matching record(s).,,
"2026-07-27 16:39:23,488",INFO,chatbot_sql,54080,generate the total  countpercentages of the packages delivered by the shipping carriers,"SELECT shipping_carrier, COUNT(*) AS package_count, ROUND(COUNT(*) * 100.0 / NULLIF(SUM(COUNT(*)) OVER (), 0), 2) AS percentage FROM track_packages WHERE account_id = 54080 AND date_received IS NOT NULL GROUP BY shipping_carrier HAVING COALESCE(shipping_carrier, '') <> '' ORDER BY percentage DESC, shipping_carrier ASC",ok:sql_rows_python,10,Generated chart data with 10 point(s).,,
"2026-07-28 10:14:30,189",INFO,chatbot_sql,54080,give me the list of active members in this account,"SELECT cr.recipient_id, cr.account_id, COALESCE(NULLIF(TRIM(CONCAT_WS(' ', NULLIF(COALESCE(cr.preferred_first_name, cr.first_name), ''), NULLIF(cr.last_name, ''))), ''), NULLIF(cr.email, ''), CONCAT('Recipient ', cr.recipient_id)) AS recipient_name, cr.first_name, cr.preferred_first_name, cr.last_name, cr.email, cr.cellphone, cr.recipient_status, cr.date_added FROM core_recipients cr WHERE cr.account_id = 54080 AND (cr.recipient_status IN (1) OR LOWER(TRIM(CAST(COALESCE(cr.recipient_status, '') AS CHAR))) IN ('active', 'enabled', 'working', 'currently working')) ORDER BY cr.recipient_id DESC LIMIT 100",ok:recipient_directory,100,The total matching records are 100.,,
"2026-07-28 10:21:35,472",INFO,chatbot_sql,54080,what is the ocr success rate?,SELECT * FROM core_account_billing WHERE account_id = 54080 LIMIT 100,ok:sql_rows_python,1,Here are the data fetched for your request. I found 1 matching record(s).,,
"2026-07-28 10:39:43,493",INFO,chatbot_sql,54080,generate the top 2 maximum packages delivered shipping carriers in bar chart,"SELECT shipping_carrier, COUNT(*) AS package_count FROM track_packages WHERE account_id = 54080 AND date_received IS NOT NULL GROUP BY shipping_carrier HAVING COALESCE(shipping_carrier, '') <> '' ORDER BY package_count DESC LIMIT 2",ok:sql_rows_python,2,Generated chart data with 2 point(s).,,
"2026-07-28 10:55:07,077",INFO,chatbot_sql,54080,give me service types table in table format,FOLLOWUP_FORMAT_FROM_CONTEXT,ok:followup_display_mode,2,Here are the data fetched for your request (2 record(s)).,,
"2026-07-28 11:07:13,892",INFO,chatbot_sql,54080,give me service types table in table format,SELECT * FROM track_service_types WHERE account_id = 54080 LIMIT 100,ok:sql_rows_python,15,Here are the data fetched for your request (15 record(s)).,,
"2026-07-28 11:08:54,980",INFO,chatbot_sql,54080,generate the table chart on top 8 minimum packages delivered recipients,"SELECT COALESCE(NULLIF(TRIM(CONCAT_WS(' ', NULLIF(COALESCE(cr.preferred_first_name, cr.first_name), ''), NULLIF(cr.last_name, ''))), ''), NULLIF(TRIM(tp.recipient_name), ''), NULLIF(cr.email, ''), CONCAT('Recipient ', tp.recipient_id)) AS recipient_name, tp.recipient_id, COUNT(*) AS package_count FROM track_packages tp LEFT JOIN core_recipients cr ON tp.recipient_id = cr.recipient_id AND tp.account_id = cr.account_id WHERE tp.account_id = 54080 AND tp.date_received IS NOT NULL GROUP BY tp.recipient_id, recipient_name ORDER BY package_count ASC, recipient_name ASC LIMIT 8",ok:top_recipients,8,"Here are the recipient package counts (lowest first, 8 record(s)).",,
"2026-07-28 11:49:36,462",INFO,chatbot_sql,54080,what is the ocr successs rate?,SELECT * FROM track_ocr WHERE account_id = 54080 LIMIT 100,ok:sql_rows_python,100,Here are the data fetched for your request. I found 100 matching record(s).,,
"2026-07-28 11:51:18,287",INFO,chatbot_sql,54080,what is the ocr success percentage in this account,"SELECT account_id, ocr_id FROM track_ocr WHERE account_id = 54080 ORDER BY date_created DESC",ok:sql_rows_python,2000,Generated chart data with 2000 point(s).,,
"2026-07-28 12:13:03,225",INFO,chatbot_sql,54080,what is the ocr success percentage in this account,LAST_CHART_CONTEXT,ok:chart_followup_answered,2000,"I can answer chart follow-up questions such as highest, lowest, total, average, trend, chart type, and axis fields.",,
"2026-07-28 12:14:55,064",INFO,chatbot_sql,54080,what is the ocr success percentage in this account,"SELECT s.scenario_code, s.scenario_label, s.scenario_group, COALESCE(a.scenario_count, 0) AS scenario_count, ROUND(COALESCE(a.scenario_count, 0) * 100.0 / NULLIF(t.total_count, 0), 2) AS scenario_percentage FROM (SELECT '1-1' AS scenario_code, 'Success (tracking=1, recipient=1)' AS scenario_label, 'success' AS scenario_group UNION ALL SELECT '1-0', 'Failed (tracking=1, recipient=0)', 'failed' UNION ALL SELECT '0-1', 'Failed (tracking=0, recipient=1)', 'failed' UNION ALL SELECT '0-0', 'Failed (tracking=0, recipient=0)', 'failed') s LEFT JOIN (SELECT CASE WHEN CAST(COALESCE(tracking_number_match_status, 0) AS UNSIGNED) = 1 AND CAST(COALESCE(recipient_match_status, 0) AS UNSIGNED) = 1 THEN '1-1' WHEN CAST(COALESCE(tracking_number_match_status, 0) AS UNSIGNED) = 1 AND CAST(COALESCE(recipient_match_status, 0) AS UNSIGNED) = 0 THEN '1-0' WHEN CAST(COALESCE(tracking_number_match_status, 0) AS UNSIGNED) = 0 AND CAST(COALESCE(recipient_match_status, 0) AS UNSIGNED) = 1 THEN '0-1' ELSE '0-0' END AS scenario_code, COUNT(*) AS scenario_count FROM track_ocr WHERE account_id = 54080 GROUP BY scenario_code) a ON a.scenario_code = s.scenario_code CROSS JOIN (SELECT COUNT(*) AS total_count FROM track_ocr WHERE account_id = 54080) t ORDER BY FIELD(s.scenario_code, '1-1', '1-0', '0-1', '0-0')",ok:ocr_success_breakdown,4,"OCR match summary for this account: Success 1-1 = 4270 (80.83%), Failed total (1-0, 0-1, 0-0) = 1013 (19.17%). Scenario split: 1-0 = 543 (10.28%), 0-1 = 213 (4.03%), 0-0 = 257 (4.86%).",,
"2026-07-28 12:17:34,696",INFO,chatbot_sql,54080,give the mail rooms data in table format,FOLLOWUP_FORMAT_FROM_CONTEXT,ok:followup_display_mode,4,Here are the data fetched for your request (4 record(s)).,,
"2026-07-28 12:22:24,466",INFO,chatbot_sql,54080,give the mail rooms data in table format,FOLLOWUP_FORMAT_FROM_CONTEXT,ok:followup_display_mode,4,Here are the data fetched for your request (4 record(s)).,,
"2026-07-28 12:23:15,675",INFO,chatbot_sql,54080,give the mail rooms data in table format,FOLLOWUP_FORMAT_FROM_CONTEXT,ok:followup_display_mode,4,Here are the data fetched for your request (4 record(s)).,,
"2026-07-28 12:26:32,935",INFO,chatbot_sql,54080,give the mail rooms data in table format,SELECT * FROM track_mailrooms WHERE account_id = 54080 LIMIT 100,ok:sql_rows_python,2,Here are the data fetched for your request (2 record(s)).,,
"2026-07-28 12:30:15,038",INFO,chatbot_sql,54080,give the mail rooms data in table format,SELECT * FROM track_mailrooms WHERE account_id = 54080 LIMIT 100,ok:sql_rows_python,2,Here are the data fetched for your request (2 record(s)).,,
"2026-07-28 14:08:04,839",INFO,chatbot_sql,54080,generate ocr success percentages,"SELECT s.scenario_code, s.scenario_label, s.scenario_group, COALESCE(a.scenario_count, 0) AS scenario_count, ROUND(COALESCE(a.scenario_count, 0) * 100.0 / NULLIF(t.total_count, 0), 2) AS scenario_percentage FROM (SELECT '1-1' AS scenario_code, 'Success (tracking=1, recipient=1)' AS scenario_label, 'success' AS scenario_group UNION ALL SELECT '1-0', 'Failed (tracking=1, recipient=0)', 'failed' UNION ALL SELECT '0-1', 'Failed (tracking=0, recipient=1)', 'failed' UNION ALL SELECT '0-0', 'Failed (tracking=0, recipient=0)', 'failed') s LEFT JOIN (SELECT CASE WHEN CAST(COALESCE(tracking_number_match_status, 0) AS UNSIGNED) = 1 AND CAST(COALESCE(recipient_match_status, 0) AS UNSIGNED) = 1 THEN '1-1' WHEN CAST(COALESCE(tracking_number_match_status, 0) AS UNSIGNED) = 1 AND CAST(COALESCE(recipient_match_status, 0) AS UNSIGNED) = 0 THEN '1-0' WHEN CAST(COALESCE(tracking_number_match_status, 0) AS UNSIGNED) = 0 AND CAST(COALESCE(recipient_match_status, 0) AS UNSIGNED) = 1 THEN '0-1' ELSE '0-0' END AS scenario_code, COUNT(*) AS scenario_count FROM track_ocr WHERE account_id = 54080 GROUP BY scenario_code) a ON a.scenario_code = s.scenario_code CROSS JOIN (SELECT COUNT(*) AS total_count FROM track_ocr WHERE account_id = 54080) t ORDER BY FIELD(s.scenario_code, '1-1', '1-0', '0-1', '0-0')",ok:ocr_success_breakdown,4,"OCR match summary for this account: Success 1-1 = 4270 (80.83%), Failed total (1-0, 0-1, 0-0) = 1013 (19.17%). Scenario split: 1-0 = 543 (10.28%), 0-1 = 213 (4.03%), 0-0 = 257 (4.86%).",,
"2026-07-28 14:08:45,882",INFO,chatbot_sql,54080,give me the data of track notification table,SELECT * FROM track_packages WHERE account_id = 54080 ORDER BY date_received DESC LIMIT 100,ok:sql_rows_python,100,Here are the data fetched for your request (100 record(s)).,,
"2026-07-28 14:18:15,480",INFO,chatbot_sql,54080,Give me top 10 connect messages which we sent ?,SELECT * FROM track_packages WHERE account_id = 54080 ORDER BY package_id DESC LIMIT 100,ok:sql_rows_python,10,Here are the data fetched for your request. I found 10 matching record(s).,,
"2026-07-28 14:18:52,357",INFO,chatbot_sql,54080,show me top 10 connect messages which sent current financial year ?,SELECT * FROM track_packages WHERE account_id = 54080 ORDER BY date_received DESC LIMIT 10,ok:sql_rows_python,10,Here are the data fetched for your request. I found 10 matching record(s).,,
"2026-07-28 14:20:25,908",INFO,chatbot_sql,54080,show me top 10 connect master messages which sent current financial year ?,SELECT master_message_id FROM connect_master_messages WHERE account_id = 54080 LIMIT 10,insufficient_data,0,No matching data was found in connect_master_messages for this account.,,
"2026-07-28 14:22:20,282",INFO,chatbot_sql,54080,give me account billing data,SELECT account_id FROM core_account_billing WHERE account_id = 54080 LIMIT 100,ok:sql_rows_python,1,The total matching records are 1.,,
"2026-07-28 14:22:59,175",INFO,chatbot_sql,54080,show the account billing data?,SELECT account_id FROM core_account_billing WHERE account_id = 54080 LIMIT 100,ok:sql_rows_python,1,The total matching records are 1.,,
"2026-07-28 14:23:15,990",INFO,chatbot_sql,54080,show the account billing data in table form,SELECT * FROM core_account_billing WHERE account_id = 54080 LIMIT 100,ok:sql_rows_python,1,The total matching records are 1.,,
"2026-07-28 14:24:25,472",INFO,chatbot_sql,54080,show me top 10 connect messages which sent current financial year in table format ?,SELECT * FROM track_packages WHERE account_id = 54080 ORDER BY date_received DESC LIMIT 10,ok:sql_rows_python,10,Here are the data fetched for your request (10 record(s)).,,
"2026-07-28 14:45:24,865",INFO,chatbot_sql,54080,show me top 10 connect messages which sent current financial year in table format ?,SELECT * FROM connect_mailqueue WHERE account_id = 54080 ORDER BY date_created DESC LIMIT 10,insufficient_data,0,No matching package records were found for this account based on your request.,,
"2026-07-28 14:59:08,857",INFO,chatbot_sql,54080,show me top 10 connect messages which sent current financial year in table format ?,SELECT * FROM connect_master_messages WHERE account_id = 54080 LIMIT 10,insufficient_data,0,No matching package records were found for this account based on your request.,,
"2026-07-28 15:00:28,227",INFO,chatbot_sql,54080,can you give the settings for this account,SELECT * FROM core_account_billing WHERE account_id = 54080 LIMIT 100,"query_table_mismatch:expected=track_ocr,track_packages,track_receipt_scan_batches,track_receipt_scan_items,track_receipt_scan_pictures|referenced=core_account_billing",0,I don't have access to answer your question please rephrase your question.,,
"2026-07-28 15:09:13,080",INFO,chatbot_sql,54080,can you give the settings for this account,,insufficient_intent:dynamic_ambiguous_exact,0,"I found multiple matching tables for your prompt: checkout_settings, connect_settings, corporate_settings. Please specify the exact table name to fetch accurate data.",,
"2026-07-28 15:10:11,195",INFO,chatbot_sql,54080,in table format,,insufficient_intent:fallback_no_table_match,0,"I need a bit more information to fetch accurate data. Please share the table name or module, what fields you need, and any time range/filter.",,
"2026-07-28 15:10:43,118",INFO,chatbot_sql,54080,corporate_settings,,insufficient_intent:settings_ambiguous,0,"I need a bit more information to fetch accurate data. Please share the table name or module, what fields you need, and any time range/filter.",,
"2026-07-28 15:14:17,563",INFO,chatbot_sql,54080,can you give the settings for this account,,insufficient_intent:settings_ambiguous,0,"I found multiple matching tables for your prompt: core_account_settings, connect_settings, checkout_settings. Please specify the exact table name to fetch accurate data.",,
"2026-07-28 15:14:42,875",INFO,chatbot_sql,54080,"connect_settings,",SELECT * FROM connect_settings WHERE account_id = 54080 LIMIT 100,ok:sql_rows_python,1,Here are the data fetched for your request. I found 1 matching record(s).,,
"2026-07-28 15:15:54,516",INFO,chatbot_sql,54080,give me the tv sessions dat,,insufficient_intent:dynamic_ambiguous_exact,0,"I found multiple matching tables for your prompt: connect_tv_sessions, track_tv_sessions. Please specify the exact table name to fetch accurate data.",,
"2026-07-28 15:16:49,356",INFO,chatbot_sql,54080,track tv sesions,SELECT * FROM track_tv_sessions WHERE account_id = 54080 ORDER BY date_created DESC LIMIT 100,insufficient_data,0,No matching package records were found for this account based on your request.,,
"2026-07-28 15:28:03,496",INFO,chatbot_sql,54080,give me the tv sessions dat,,out_of_scope,0,I cannot respond because you do not have sufficient data.,,
"2026-07-28 15:32:20,037",INFO,chatbot_sql,54080,give me the tv sessions dat,,out_of_scope,0,I cannot respond because you do not have sufficient data.,,
"2026-07-28 15:33:33,790",INFO,chatbot_sql,54080,give me the tv sessions dat,,insufficient_intent:dynamic_ambiguous_exact,0,"I found multiple matching tables for your prompt: connect_tv_sessions, track_tv_sessions. Please specify the exact table name to fetch accurate data.",,
"2026-07-28 15:33:46,282",INFO,chatbot_sql,54080,track_tv_sessions.,SELECT tv_session_id FROM track_tv_sessions WHERE account_id = 54080 ORDER BY date_created DESC LIMIT 100,insufficient_data,0,No matching data was found in track_tv_sessions for this account.,,
"2026-07-28 15:34:08,693",INFO,chatbot_sql,54080,connect_tv_sessions,SELECT tv_session_id FROM connect_tv_sessions WHERE account_id = 54080 ORDER BY date_created DESC LIMIT 100,insufficient_data,0,No matching data was found in connect_tv_sessions for this account.,,
"2026-07-28 15:46:33,283",INFO,chatbot_sql,54080,give me the test messages,SELECT test_message_id FROM connect_test_messages WHERE account_id = 54080 ORDER BY date_created DESC LIMIT 100,insufficient_data,0,No matching data was found in connect_test_messages for this account.,,
"2026-07-28 15:47:13,080",INFO,chatbot_sql,54080,give me top 10 user activities,"SELECT cr.recipient_id, cr.account_id, COALESCE(NULLIF(TRIM(CONCAT_WS(' ', NULLIF(COALESCE(cr.preferred_first_name, cr.first_name), ''), NULLIF(cr.last_name, ''))), ''), NULLIF(cr.email, ''), CONCAT('Recipient ', cr.recipient_id)) AS recipient_name, cr.first_name, cr.preferred_first_name, cr.last_name, cr.email, cr.cellphone, cr.recipient_status, cr.date_added FROM core_recipients cr WHERE cr.account_id = 54080 ORDER BY cr.recipient_id DESC LIMIT 10",ok:recipient_directory,10,Here are the data fetched for your request. I found 10 matching record(s).,,
"2026-07-28 15:56:56,221",INFO,chatbot_sql,54080,give me active users list i table,"SELECT cr.recipient_id, cr.account_id, COALESCE(NULLIF(TRIM(CONCAT_WS(' ', NULLIF(COALESCE(cr.preferred_first_name, cr.first_name), ''), NULLIF(cr.last_name, ''))), ''), NULLIF(cr.email, ''), CONCAT('Recipient ', cr.recipient_id)) AS recipient_name, cr.first_name, cr.preferred_first_name, cr.last_name, cr.email, cr.cellphone, cr.recipient_status, cr.date_added FROM core_recipients cr WHERE cr.account_id = 54080 AND (cr.recipient_status IN (1) OR LOWER(TRIM(CAST(COALESCE(cr.recipient_status, '') AS CHAR))) IN ('active', 'enabled', 'working', 'currently working')) ORDER BY cr.recipient_id DESC LIMIT 100",ok:recipient_directory,100,Showing the requested data in table format.,,
"2026-07-28 16:00:31,788",INFO,chatbot_sql,54080,give me the sessions data,,insufficient_intent:fallback_no_table_match,0,"I need a bit more information to fetch accurate data. Please share the table name or module, what fields you need, and any time range/filter.",,
"2026-07-28 16:02:04,554",INFO,chatbot_sql,54080,give me sessions data in table format,,insufficient_intent:fallback_no_table_match,0,"I need a bit more information to fetch accurate data. Please share the table name or module, what fields you need, and any time range/filter.",,
"2026-07-28 16:07:35,707",INFO,chatbot_sql,54080,give me sessions data in table format,,insufficient_intent:fallback_no_table_match,0,"I need a bit more information to fetch accurate data. Please share the table name or module, what fields you need, and any time range/filter.",,
"2026-07-28 16:09:58,677",INFO,chatbot_sql,54080,give me sessions data in table format,,insufficient_intent:dynamic_intent_ambiguous,0,"I found multiple matching tables for your prompt: connect_sessions, connect_tv_sessions, core_sessions, locker_account_sessions, locker_carrier_sessions. Please specify the exact table name to fetch accurate data.",,
"2026-07-28 16:10:29,796",INFO,chatbot_sql,54080,locker_carrier_sessions,"SELECT carrier_id, locker_carrier_session_id FROM locker_carrier_sessions WHERE account_id = 54080 LIMIT 100",ok:sql_rows_python,43,Here are the data fetched for your request. I found 43 matching record(s).,,
"2026-07-28 16:13:43,872",INFO,chatbot_sql,54080,give me user passwords data in table,,insufficient_intent:dynamic_exact_ambiguous,0,"I found multiple matching tables for your prompt: core_user_passwords, core_sso_user_type_mappings, core_user_activities, core_user_activities_archive, core_user_marketing. Please specify the exact table name to fetch accurate data.",,
"2026-07-28 16:15:55,524",INFO,chatbot_sql,54080,corportae user passwords,SELECT * FROM corporate_user_activities WHERE account_id = 54080 LIMIT 100,query_table_mismatch:explicit_table_mismatch:expected=corporate_user_passwords|referenced=corporate_user_activities,0,I don't have access to answer your question please rephrase your question.,,
"2026-07-28 16:28:38,864",INFO,chatbot_sql,54080,give me scheduled reports data in table,SELECT * FROM core_scheduled_reports WHERE account_id = 54080 ORDER BY date_created DESC LIMIT 100,insufficient_data,0,No matching data was found in core_scheduled_reports for this account.,,
"2026-07-28 16:29:11,568",INFO,chatbot_sql,54080,give me top 10 recipients maximum packages delivered,"SELECT COALESCE(NULLIF(TRIM(CONCAT_WS(' ', NULLIF(COALESCE(cr.preferred_first_name, cr.first_name), ''), NULLIF(cr.last_name, ''))), ''), NULLIF(TRIM(tp.recipient_name), ''), NULLIF(cr.email, ''), CONCAT('Recipient ', tp.recipient_id)) AS recipient_name, tp.recipient_id, COUNT(*) AS package_count FROM track_packages tp LEFT JOIN core_recipients cr ON tp.recipient_id = cr.recipient_id AND tp.account_id = cr.account_id WHERE tp.account_id = 54080 AND tp.date_received IS NOT NULL GROUP BY tp.recipient_id, recipient_name ORDER BY package_count DESC, recipient_name ASC LIMIT 10",ok:top_recipients,10,"Here are the recipient package counts (highest first, 10 record(s)).",,
"2026-07-29 09:34:58,302",INFO,chatbot_sql,54080,give me the data track packages,SELECT package_id FROM track_packages WHERE account_id = 54080 ORDER BY date_received DESC LIMIT 100,ok:sql_rows_python,100,"package_id: 34366518, 34366516, 34366515, 34366514, 34366513, 34366512, 34366511, 34366510, 34366509, 34366508, 34366507, 34366506, 34366505, 34366504, 34366503, 34366502, 34366501, 34366500, 34366499, 34366498, 34366497, 34366496, 34366495, 34366494, 34366493. And 75 more value(s).",,
"2026-07-29 09:38:08,584",INFO,chatbot_sql,54080,give me the data track packages,SELECT package_id FROM track_packages WHERE account_id = 54080 ORDER BY date_received DESC LIMIT 100,ok:sql_rows_python,100,Showing the requested data in table format.,,
"2026-07-29 09:59:47,602",INFO,chatbot_sql,54080,give me the data track packages,SELECT * FROM track_packages WHERE account_id = 54080 ORDER BY date_received DESC LIMIT 100,ok:sql_rows_python,100,Showing the requested data in table format.,,
"2026-07-29 10:00:06,641",INFO,chatbot_sql,54080,give me the top 10 packages delivered recipients,"SELECT COALESCE(NULLIF(TRIM(CONCAT_WS(' ', NULLIF(COALESCE(cr.preferred_first_name, cr.first_name), ''), NULLIF(cr.last_name, ''))), ''), NULLIF(TRIM(tp.recipient_name), ''), NULLIF(cr.email, ''), CONCAT('Recipient ', tp.recipient_id)) AS recipient_name, tp.recipient_id, COUNT(*) AS package_count FROM track_packages tp LEFT JOIN core_recipients cr ON tp.recipient_id = cr.recipient_id AND tp.account_id = cr.account_id WHERE tp.account_id = 54080 AND tp.date_received IS NOT NULL GROUP BY tp.recipient_id, recipient_name ORDER BY package_count DESC, recipient_name ASC LIMIT 10",ok:top_recipients,10,"Here are the recipient package counts (highest first, 10 record(s)).",,
"2026-07-29 10:00:54,214",INFO,chatbot_sql,54080,give me total packages delivered in the current year and last year,"SELECT COUNT(*) AS total_records FROM track_packages WHERE account_id = 54080 AND date_received IS NOT NULL AND date_received >= DATE_SUB(CURDATE(), INTERVAL 1 YEAR)",ok:sql_rows_python,1,The total matching records are 2000.,,
"2026-07-29 10:01:51,573",INFO,chatbot_sql,54080,give me a bar chart of total packages delivered in the current year and last year,"SELECT COUNT(*) AS total_records FROM track_packages WHERE account_id = 54080 AND date_received IS NOT NULL AND date_received >= DATE_SUB(CURDATE(), INTERVAL 1 YEAR)",ok:sql_rows_python,1,The total matching records are 2000.,,
"2026-07-29 10:10:15,035",INFO,chatbot_sql,54080,give me a bar chart of total packages delivered in the current year and last year,"SELECT COUNT(*) AS total_records FROM track_packages WHERE account_id = 54080 AND date_received IS NOT NULL AND date_received >= DATE_SUB(CURDATE(), INTERVAL 1 YEAR)",ok:sql_rows_python,1,The total matching records are 2000.,,
"2026-07-29 10:14:22,439",INFO,chatbot_sql,54080,give me a bar chart of total packages delivered in the current year and last year,"SELECT YEAR(date_received) AS delivery_year, COUNT(*) AS package_count FROM track_packages WHERE account_id = 54080 AND date_received IS NOT NULL AND YEAR(date_received) IN (2025, 2026) GROUP BY YEAR(date_received) ORDER BY delivery_year",ok:yearly_package_count,2,Generated chart data with 2 point(s).,,
"2026-07-29 10:15:38,520",INFO,chatbot_sql,54080,give me total percentages of packages delivered in each shipping carriers,SELECT COUNT(*) AS total_records FROM track_shipping_carriers WHERE account_id = 54080,ok:sql_rows_python,1,"I could not render a chart for this request, so here is the data in table format (1 record(s)).",,
"2026-07-29 10:16:43,241",INFO,chatbot_sql,54080,give me a pie chart total percentages of packages delivered in each shipping carriers,"SELECT shipping_carrier, COUNT(*) AS package_count FROM track_packages WHERE account_id = 54080 AND date_received IS NOT NULL GROUP BY shipping_carrier HAVING COALESCE(shipping_carrier, '') <> '' ORDER BY package_count DESC",ok:carrier_wise_count,13,Here are the carrier-wise package counts (13 record(s)).,,
"2026-07-29 10:22:06,922",INFO,chatbot_sql,54080,what is the ocr success rate?,"SELECT s.scenario_code, s.scenario_label, s.scenario_group, COALESCE(a.scenario_count, 0) AS scenario_count, ROUND(COALESCE(a.scenario_count, 0) * 100.0 / NULLIF(t.total_count, 0), 2) AS scenario_percentage FROM (SELECT '1-1' AS scenario_code, 'Success (tracking=1, recipient=1)' AS scenario_label, 'success' AS scenario_group UNION ALL SELECT '1-0', 'Failed (tracking=1, recipient=0)', 'failed' UNION ALL SELECT '0-1', 'Failed (tracking=0, recipient=1)', 'failed' UNION ALL SELECT '0-0', 'Failed (tracking=0, recipient=0)', 'failed') s LEFT JOIN (SELECT CASE WHEN CAST(COALESCE(tracking_number_match_status, 0) AS UNSIGNED) = 1 AND CAST(COALESCE(recipient_match_status, 0) AS UNSIGNED) = 1 THEN '1-1' WHEN CAST(COALESCE(tracking_number_match_status, 0) AS UNSIGNED) = 1 AND CAST(COALESCE(recipient_match_status, 0) AS UNSIGNED) = 0 THEN '1-0' WHEN CAST(COALESCE(tracking_number_match_status, 0) AS UNSIGNED) = 0 AND CAST(COALESCE(recipient_match_status, 0) AS UNSIGNED) = 1 THEN '0-1' ELSE '0-0' END AS scenario_code, COUNT(*) AS scenario_count FROM track_ocr WHERE account_id = 54080 GROUP BY scenario_code) a ON a.scenario_code = s.scenario_code CROSS JOIN (SELECT COUNT(*) AS total_count FROM track_ocr WHERE account_id = 54080) t ORDER BY FIELD(s.scenario_code, '1-1', '1-0', '0-1', '0-0')",ok:ocr_success_breakdown,4,"OCR match summary for this account: Success 1-1 = 4270 (80.83%), Failed total (1-0, 0-1, 0-0) = 1013 (19.17%). Scenario split: 1-0 = 543 (10.28%), 0-1 = 213 (4.03%), 0-0 = 257 (4.86%).",,
"2026-07-29 12:07:49,033",INFO,chatbot_sql,54080,give me the data of core recipients,"SELECT cr.recipient_id, cr.account_id, COALESCE(NULLIF(TRIM(CONCAT_WS(' ', NULLIF(COALESCE(cr.preferred_first_name, cr.first_name), ''), NULLIF(cr.last_name, ''))), ''), NULLIF(cr.email, ''), CONCAT('Recipient ', cr.recipient_id)) AS recipient_name, cr.first_name, cr.preferred_first_name, cr.last_name, cr.email, cr.cellphone, cr.recipient_status, cr.date_added FROM core_recipients cr WHERE cr.account_id = 54080 ORDER BY cr.recipient_id DESC LIMIT 100",ok:recipient_directory,100,Showing the requested data in table format.,,
"2026-07-29 12:09:49,359",INFO,chatbot_sql,54080,give me the data of mailqueue attachments,SELECT * FROM connect_mailqueue_attachments WHERE account_id = 54080 ORDER BY date_created DESC LIMIT 100,insufficient_data,0,No matching package records were found for this account based on your request.,,
"2026-07-29 12:26:57,184",INFO,chatbot_sql,54080,give me the checkout assets list,SELECT * FROM checkout_assets WHERE account_id = 54080 ORDER BY date_added DESC LIMIT 100,ok:sql_rows_python,4,Showing the requested data in table format.,,
"2026-07-30 10:28:54,009",INFO,chatbot_sql,54080,generate a bar chart of last 10 months packages delivered data on shipping carriers,SELECT * FROM track_shipping_carriers WHERE account_id = 54080,ok:sql_rows_python,9,Generated chart data with 9 point(s).,,
"2026-07-30 10:34:03,772",INFO,chatbot_sql,54080,generate a bar chart of last 10 months packages delivered data on shipping carriers,"SELECT DATE_FORMAT(date_received, '%Y-%m') AS delivery_month, COUNT(*) AS package_count FROM track_packages WHERE account_id = 54080 AND date_received IS NOT NULL AND date_received >= DATE_SUB(CURDATE(), INTERVAL 10 MONTH) GROUP BY DATE_FORMAT(date_received, '%Y-%m') ORDER BY delivery_month",ok:monthly_delivered_count,8,Generated chart data with 8 point(s).,,
"2026-07-30 10:37:00,515",INFO,chatbot_sql,54080,generate a bar chart total packages delivered by each shipping carrier in last 10 months,"SELECT shipping_carrier, COUNT(*) AS package_count FROM track_packages WHERE account_id = 54080 AND date_received IS NOT NULL AND date_received >= DATE_SUB(CURDATE(), INTERVAL 10 MONTH) GROUP BY shipping_carrier HAVING COALESCE(shipping_carrier, '') <> '' ORDER BY package_count DESC",ok:carrier_wise_count,13,Here are the carrier-wise package counts (13 record(s)).,,
"2026-07-30 12:18:17,832",INFO,chatbot_sql,54080,give me the list of core recipients,"SELECT cr.recipient_id, cr.account_id, COALESCE(NULLIF(TRIM(CONCAT_WS(' ', NULLIF(COALESCE(cr.preferred_first_name, cr.first_name), ''), NULLIF(cr.last_name, ''))), ''), NULLIF(cr.email, ''), CONCAT('Recipient ', cr.recipient_id)) AS recipient_name, cr.first_name, cr.preferred_first_name, cr.last_name, cr.email, cr.cellphone, cr.recipient_status, cr.date_added FROM core_recipients cr WHERE cr.account_id = 54080 ORDER BY cr.recipient_id DESC LIMIT 100",ok:recipient_directory,100,Showing the requested data in table format.,,
"2026-07-30 12:25:47,024",INFO,chatbot_sql,54080,give me the  list of the track packages,SELECT * FROM track_packages WHERE account_id = 54080 ORDER BY date_received DESC LIMIT 100,ok:sql_rows_python,100,Showing the requested data in table format.,,
"2026-07-30 15:56:44,988",INFO,chatbot_sql,54080,======,,out_of_scope,0,I cannot respond because you do not have sufficient data.,,
"2026-07-31 14:45:10,717",INFO,chatbot_sql,54080,Hi,,greeting,0,Hi there! Ask me anything about your account package records.,,
"2026-07-31 14:48:03,971",INFO,chatbot_sql,53818,hi,,greeting,0,"Good to see you. I can help with package tracking, counts, and delivery dates.",,
"2026-07-31 14:48:14,514",INFO,chatbot_sql,53818,how many recipients ?,SELECT COUNT(DISTINCT recipient_id) AS total_records FROM core_recipients WHERE account_id = 53818,ok:recipient_count,1,The total matching records are 5324.,,
"2026-07-31 14:52:21,929",INFO,chatbot_sql,54080,hello,,greeting,0,Welcome! I am ready to help with your package data queries.,,
"2026-07-31 14:53:04,104",INFO,chatbot_sql,54080,generate bar chat of top 10 maximum packAGES delivered recipients,"SELECT COALESCE(NULLIF(TRIM(CONCAT_WS(' ', NULLIF(COALESCE(cr.preferred_first_name, cr.first_name), ''), NULLIF(cr.last_name, ''))), ''), NULLIF(TRIM(tp.recipient_name), ''), NULLIF(cr.email, ''), CONCAT('Recipient ', tp.recipient_id)) AS recipient_name, tp.recipient_id, COUNT(*) AS package_count FROM track_packages tp LEFT JOIN core_recipients cr ON tp.recipient_id = cr.recipient_id AND tp.account_id = cr.account_id WHERE tp.account_id = 54080 AND tp.date_received IS NOT NULL GROUP BY tp.recipient_id, recipient_name ORDER BY package_count DESC, recipient_name ASC LIMIT 10",ok:top_recipients,10,"Here are the recipient package counts (highest first, 10 record(s)).",,
"2026-07-31 14:53:25,910",INFO,chatbot_sql,54080,shipping carriers?,SELECT shipping_carrier_id FROM track_shipping_carriers WHERE account_id = 54080 LIMIT 100,ok:sql_rows_python,9,"shipping_carrier_id: 24020, 24021, 24022, 24023, 24024, 24025, 24026, 24027, 24028",,
"2026-07-31 14:53:38,583",INFO,chatbot_sql,54080,shipping carrier names >,SELECT shipping_carrier FROM track_packages WHERE account_id = 54080 ORDER BY date_received DESC LIMIT 100,ok:sql_rows_python,100,The shipping carrier is Amazon.,,
"2026-07-31 14:53:59,817",INFO,chatbot_sql,54080,shipping carrier with tracking number and recipient names ',"SELECT tp.package_id, tp.account_id, tp.tracking_number, tp.shipping_carrier, tp.date_received, tp.recipient_id, COALESCE(NULLIF(TRIM(CONCAT_WS(' ', NULLIF(COALESCE(cr.preferred_first_name, cr.first_name), ''), NULLIF(cr.last_name, ''))), ''), NULLIF(cr.email, ''), CONCAT('Recipient ', cr.recipient_id)) AS recipient_name, cr.first_name, cr.preferred_first_name, cr.last_name, cr.email, cr.cellphone, cr.recipient_status FROM track_packages tp JOIN core_recipients cr ON tp.recipient_id = cr.recipient_id AND tp.account_id = cr.account_id WHERE tp.account_id = 54080 AND cr.account_id = 54080 AND tp.recipient_id = cr.recipient_id ORDER BY tp.package_id DESC LIMIT 100",ok:recipient_packages_join,100,The tracking number is 420956619405511298287895272752.,,
"2026-07-31 14:55:57,599",INFO,chatbot_sql,54080,Give me recipient detailed who received most of packages ?,"SELECT COALESCE(NULLIF(TRIM(CONCAT_WS(' ', NULLIF(COALESCE(cr.preferred_first_name, cr.first_name), ''), NULLIF(cr.last_name, ''))), ''), NULLIF(TRIM(tp.recipient_name), ''), NULLIF(cr.email, ''), CONCAT('Recipient ', tp.recipient_id)) AS recipient_name, tp.recipient_id, COUNT(*) AS package_count FROM track_packages tp LEFT JOIN core_recipients cr ON tp.recipient_id = cr.recipient_id AND tp.account_id = cr.account_id WHERE tp.account_id = 54080 GROUP BY tp.recipient_id, recipient_name ORDER BY package_count DESC, recipient_name ASC LIMIT 10",ok:top_recipients,10,"Here are the recipient package counts (highest first, 10 record(s)).",,
"2026-07-31 14:57:47,663",INFO,chatbot_sql,54080,Give me list send messages which read most ?,,insufficient_intent:dynamic_intent_ambiguous,0,"I found multiple matching tables for your prompt: connect_automated_message_analytics, connect_automated_message_individuals, connect_automated_message_mailqueue, connect_automated_messages, connect_chat_messages. Please specify the exact table name to fetch accurate data.",,
"2026-07-31 14:58:28,039",INFO,chatbot_sql,54080,connect_automated_messages & connect_automated_message_individuals,SELECT * FROM connect_automated_message_individuals WHERE account_id = 54080 ORDER BY recipient_id DESC LIMIT 100,insufficient_data,0,No matching data was found in connect_automated_message_individuals for this account.,,
"2026-07-31 14:59:39,733",INFO,chatbot_sql,54080,What is my current plan ?,,insufficient_intent:fallback_no_table_match,0,"I need a bit more information to fetch accurate data. Please share the table name or module, what fields you need, and any time range/filter.",,
"2026-07-31 15:00:15,029",INFO,chatbot_sql,54080,What is my current account plan ?,SELECT * FROM core_account_billing WHERE account_id = 54080 LIMIT 100,ok:sql_rows_python,1,Here are the data fetched for your request. I found 1 matching record(s).,,
"2026-07-31 15:00:29,809",INFO,chatbot_sql,54080,Give me list of last 6 month payment invoice details ?,SELECT * FROM core_account_billing WHERE account_id = 54080 LIMIT 100,ok:sql_rows_python,1,Showing the requested data in table format.,,
"2026-07-31 15:01:02,746",INFO,chatbot_sql,54080,Give me list of top 10 prospects ?,SELECT * FROM connect_prospects WHERE account_id = 54080 ORDER BY date_added DESC LIMIT 10,insufficient_data,0,No matching data was found in connect_prospects for this account.,,
